SampleID,CHO,CHON,CHONP,CHONS,CHONSP,CHOP,CHOS,CHOSP
Kelly_01,88.39,2.2,0.91,0.09,4.31,3.11,1.0,
Kelly_02,86.37,2.66,1.16,0.11,5.09,3.32,1.27,0.03
Kelly_03,90.55,1.5,0.82,0.14,4.13,1.86,0.95,0.05
Kelly_04,88.45,2.15,1.08,0.1,3.92,3.2,1.11,
Kelly_05,87.83,2.21,0.95,0.11,4.96,2.98,0.97,
Kelly_06,87.82,2.71,1.13,0.07,3.74,3.23,1.3,
Kelly_07,88.64,2.24,1.02,0.07,3.79,3.16,1.09,
Kelly_08,87.8,2.19,1.03,0.06,4.32,3.32,1.26,
Kelly_09,88.67,2.13,0.94,0.06,4.17,2.82,1.19,
Kelly_10,87.32,2.43,0.95,0.11,5.33,2.72,1.13,0.03
Kelly_100,75.52,17.29,0.8,0.19,3.21,1.92,1.05,0.02
Kelly_101,79.48,13.69,0.89,0.28,3.68,1.26,0.7,0.02
Kelly_102,76.4,17.47,0.67,0.2,3.11,1.41,0.72,0.02
Kelly_103,81.18,12.93,0.47,0.15,3.94,0.67,0.6,0.04
Kelly_104,80.13,13.42,0.68,0.16,3.73,0.84,1.02,0.02
Kelly_105,77.85,16.4,0.5,0.17,3.32,0.89,0.87,
Kelly_106,79.65,13.95,0.55,0.14,3.6,1.16,0.96,
Kelly_107,79.58,14.21,0.6,0.13,3.15,1.35,0.98,
Kelly_108,75.18,19.61,0.55,0.13,2.54,1.4,0.59,
Kelly_109,82.61,11.2,0.45,0.16,2.98,1.5,1.1,
Kelly_11,85.74,2.6,1.11,0.19,3.1,3.52,3.71,0.03
Kelly_110,86.78,4.8,0.44,0.04,2.61,4.68,0.6,0.06
Kelly_111,88.88,3.22,0.63,0.02,1.92,4.6,0.67,0.07
Kelly_112,86.64,6.48,0.37,0.04,2.71,3.0,0.77,
Kelly_113,85.97,5.36,0.15,,3.13,4.18,1.2,
Kelly_114,89.86,2.65,0.51,0.04,1.8,4.46,0.65,0.02
Kelly_115,89.13,4.09,0.23,,2.57,3.32,0.66,
Kelly_116,86.66,6.76,0.99,0.61,2.04,1.77,1.13,0.03
Kelly_117,85.26,7.47,0.95,0.64,2.12,2.35,1.15,0.05
Kelly_118,85.39,6.86,0.83,0.41,3.11,1.93,1.46,
Kelly_119,83.04,9.88,0.97,0.61,2.92,1.47,1.11,
Kelly_12,82.75,3.42,1.3,0.08,3.39,4.83,4.23,
Kelly_120,86.79,7.24,0.82,0.59,2.4,0.99,1.18,
Kelly_121,84.64,8.52,0.85,0.4,3.24,1.22,1.11,0.03
Kelly_122,80.92,9.82,0.47,0.18,2.71,4.89,1.0,
Kelly_123,87.64,5.66,0.82,0.46,1.13,3.26,0.96,0.07
Kelly_124,85.99,8.12,0.62,0.24,1.62,2.1,1.31,
Kelly_125,78.09,11.46,0.36,0.04,3.67,4.6,1.78,
Kelly_126,81.11,12.37,0.68,0.18,1.79,2.85,1.01,0.02
Kelly_127,81.62,10.57,0.32,0.12,3.62,2.98,0.74,0.02
Kelly_128,86.4,5.24,1.06,0.43,2.69,1.95,2.16,0.07
Kelly_129,86.83,4.24,0.77,0.42,1.96,2.09,3.6,0.08
Kelly_13,84.5,2.84,1.04,0.12,3.52,4.97,3.01,
Kelly_130,83.94,9.2,1.2,0.76,2.75,1.02,1.02,0.1
Kelly_131,86.37,7.52,1.01,0.71,2.53,0.73,1.04,0.08
Kelly_132,84.57,9.0,1.03,0.5,2.94,0.85,1.08,0.03
Kelly_133,86.01,7.88,1.29,0.73,2.37,0.67,1.0,0.05
Kelly_134,78.37,14.67,0.69,0.25,3.79,1.27,0.95,
Kelly_135,80.2,13.81,0.69,0.25,3.84,0.49,0.69,0.02
Kelly_136,77.8,15.65,0.67,0.21,3.48,1.18,1.01,
Kelly_137,79.41,13.46,0.59,0.19,2.96,2.26,1.12,
Kelly_138,78.52,15.81,0.7,0.26,2.74,1.04,0.91,0.02
Kelly_139,80.69,12.78,0.71,0.23,3.45,1.23,0.88,0.02
Kelly_14,85.71,2.74,0.83,0.11,3.41,4.98,2.21,
Kelly_140,80.08,13.73,0.8,0.2,3.32,0.89,0.98,
Kelly_141,82.04,12.55,0.56,0.19,3.65,0.31,0.7,
Kelly_142,80.32,14.23,0.48,0.2,3.24,0.83,0.68,0.02
Kelly_143,80.97,11.5,0.64,0.11,2.63,2.91,1.25,
Kelly_144,78.63,14.77,0.75,0.2,3.41,1.25,0.98,
Kelly_145,81.64,12.2,0.6,0.19,3.35,1.11,0.92,
Kelly_146,86.76,5.79,0.45,0.06,2.32,3.98,0.61,0.04
Kelly_147,87.26,3.86,0.79,0.13,1.37,5.85,0.74,
Kelly_148,83.32,10.18,0.55,0.1,2.38,2.93,0.55,
Kelly_149,81.94,11.03,0.28,0.08,3.85,1.77,1.06,
Kelly_15,82.86,3.73,1.0,0.1,3.41,4.55,4.35,
Kelly_150,83.47,10.28,0.47,0.08,2.49,2.69,0.51,
Kelly_151,85.35,8.89,0.51,0.08,2.46,2.21,0.49,
Kelly_152,90.39,2.83,1.05,0.62,2.69,1.41,0.99,0.03
Kelly_153,89.14,4.08,0.91,0.57,2.47,1.53,1.25,0.05
Kelly_154,87.92,5.75,0.9,0.55,3.21,0.6,1.04,0.03
Kelly_155,89.19,5.43,0.93,0.4,2.24,0.99,0.83,
Kelly_156,87.13,6.97,1.04,0.5,2.99,0.62,0.73,0.03
Kelly_157,87.01,7.14,1.02,0.5,2.86,0.58,0.87,0.03
Kelly_16,82.98,3.8,0.97,0.05,3.57,6.78,1.87,
Kelly_17,85.78,3.05,0.78,0.13,3.28,4.54,2.45,
Kelly_18,82.69,3.81,0.93,0.15,3.09,5.04,4.27,0.03
Kelly_19,83.14,2.47,0.9,0.19,3.96,5.43,3.88,0.03
Kelly_20,83.87,2.31,1.04,0.18,3.61,5.43,3.51,0.05
Kelly_21,83.62,8.41,1.33,0.2,1.25,3.07,2.1,
Kelly_22,78.04,15.61,1.26,0.12,1.2,2.24,1.5,0.03
Kelly_23,79.38,14.6,1.16,0.12,1.03,2.04,1.67,
Kelly_24,79.72,14.78,0.82,0.08,1.46,1.84,1.29,
Kelly_25,76.23,17.63,1.09,0.12,1.12,2.22,1.58,
Kelly_26,77.52,15.72,1.13,0.13,1.31,2.69,1.5,
Kelly_27,81.42,12.7,1.18,0.1,0.87,2.35,1.35,0.03
Kelly_28,82.39,11.43,1.02,0.06,1.34,2.14,1.54,0.06
Kelly_29,82.49,10.25,1.41,0.14,1.06,2.82,1.8,0.04
Kelly_30,81.85,11.37,1.09,0.06,1.34,2.47,1.78,0.03
Kelly_31,79.5,13.54,1.31,0.15,1.16,2.93,1.36,0.05
Kelly_32,80.29,13.63,0.87,0.08,1.36,2.72,1.03,0.03
Kelly_33,80.6,12.12,1.33,0.21,1.21,3.12,1.36,0.06
Kelly_34,80.8,11.85,1.4,0.23,0.97,3.3,1.4,0.06
Kelly_35,82.41,10.09,1.48,0.25,1.04,3.18,1.48,0.06
Kelly_36,78.53,14.37,1.31,0.25,1.48,2.74,1.23,0.08
Kelly_37,78.78,14.06,1.39,0.15,1.7,2.68,1.18,0.05
Kelly_38,81.02,11.93,1.32,0.19,1.37,2.69,1.4,0.08
Kelly_39,80.3,13.18,1.0,0.1,1.39,2.75,1.24,0.05
Kelly_40,80.71,12.72,1.44,0.2,0.89,2.61,1.38,0.06
Kelly_41,77.2,16.01,1.37,0.13,1.4,2.62,1.19,0.08
Kelly_42,80.15,2.93,1.01,0.07,4.11,8.09,3.64,
Kelly_43,77.78,3.39,0.93,0.05,4.22,10.06,3.57,
Kelly_44,80.48,3.11,1.0,0.14,4.15,7.79,3.32,
Kelly_45,78.93,3.57,0.94,0.05,3.89,9.27,3.35,
Kelly_46,80.35,3.2,0.85,0.05,4.02,8.0,3.53,
Kelly_47,80.23,3.1,0.96,0.07,3.95,8.11,3.58,
Kelly_48,81.12,3.11,0.89,0.07,4.03,7.67,3.11,
Kelly_49,80.74,3.06,0.93,0.07,4.0,7.9,3.3,
Kelly_50,79.98,2.88,0.89,0.07,4.66,8.02,3.5,
Kelly_51,79.65,3.1,0.85,0.05,4.05,8.76,3.55,
Kelly_52,84.5,3.49,0.86,0.1,3.66,6.08,1.32,
Kelly_53,85.2,3.27,0.91,0.07,3.62,5.87,1.05,
Kelly_54,84.86,3.12,0.79,0.1,3.86,6.07,1.21,
Kelly_55,83.29,3.7,0.9,0.12,3.61,7.07,1.31,
Kelly_56,83.63,3.18,0.8,0.12,3.72,7.31,1.24,
Kelly_57,83.83,3.38,0.77,0.12,3.06,7.24,1.59,
Kelly_58,83.56,3.55,1.05,0.15,3.7,6.66,1.33,
Kelly_59,84.18,3.37,1.09,0.12,3.37,6.67,1.19,
Kelly_60,83.82,3.35,0.83,0.12,3.3,7.24,1.34,
Kelly_61,85.22,3.16,0.71,0.1,3.63,6.03,1.15,
Kelly_62,87.94,3.41,0.36,0.08,3.75,3.25,1.21,
Kelly_63,84.38,2.66,0.44,0.12,2.17,8.64,1.51,0.07
Kelly_64,86.36,4.98,0.37,0.08,3.73,3.39,1.08,
Kelly_65,87.7,3.16,0.65,0.12,4.34,2.88,1.11,0.04
Kelly_66,86.47,3.84,0.45,0.15,3.2,4.76,1.07,0.06
Kelly_67,87.74,3.49,0.47,0.1,3.84,3.16,1.18,0.02
Kelly_68,80.42,14.94,0.25,0.11,2.73,0.97,0.57,
Kelly_69,80.89,13.62,0.41,0.15,3.12,1.15,0.65,
Kelly_70,73.78,22.01,0.44,0.14,1.94,1.24,0.42,0.02
Kelly_71,81.2,13.03,0.37,0.17,4.21,0.42,0.6,
Kelly_72,79.84,15.81,0.32,0.11,2.45,0.9,0.58,
Kelly_73,78.12,17.23,0.29,0.14,2.97,0.68,0.58,
Kelly_74,83.0,12.25,0.2,0.08,2.61,1.2,0.66,
Kelly_75,82.25,12.64,0.35,0.15,2.93,0.99,0.68,
Kelly_76,80.44,16.18,0.21,0.11,1.99,0.59,0.49,
Kelly_77,82.86,12.82,0.32,0.08,3.14,0.34,0.39,0.04
Kelly_78,80.3,15.17,0.48,0.13,2.96,0.38,0.56,0.02
Kelly_79,82.5,12.6,0.33,0.12,2.43,1.35,0.67,
Kelly_80,85.1,3.87,0.43,0.02,3.85,5.29,1.44,
Kelly_81,85.23,4.26,0.35,0.02,3.64,5.22,1.27,
Kelly_82,86.69,3.38,0.35,0.04,3.79,4.49,1.26,
Kelly_83,85.78,4.16,0.23,,4.37,4.1,1.36,
Kelly_84,85.82,4.17,0.39,0.04,3.26,5.37,0.94,
Kelly_85,85.37,3.86,0.32,0.02,3.47,5.69,1.28,
Kelly_86,82.72,7.85,0.6,0.12,3.32,4.58,0.82,
Kelly_87,85.65,5.07,0.83,0.21,2.56,4.53,1.08,0.06
Kelly_88,80.86,8.35,0.53,0.06,3.52,5.25,1.41,0.02
Kelly_89,84.47,5.12,0.35,0.1,4.63,4.27,1.06,
Kelly_90,81.07,7.86,0.67,0.12,3.27,5.68,1.29,0.04
Kelly_91,85.79,4.71,0.37,0.04,3.93,4.27,0.87,0.02
Kelly_92,86.42,5.45,0.94,0.31,1.73,2.8,2.32,0.03
Kelly_93,85.47,4.41,0.84,0.41,2.46,2.98,3.41,0.02
Kelly_94,80.2,12.14,0.86,0.43,2.64,2.4,1.31,0.02
Kelly_95,83.28,9.13,0.78,0.41,2.72,2.13,1.52,0.02
Kelly_96,85.43,6.65,0.73,0.38,2.31,1.98,2.51,0.03
Kelly_97,84.55,8.61,0.9,0.51,2.43,1.74,1.18,0.08
Kelly_98,78.16,15.63,0.72,0.16,3.17,1.49,0.67,
Kelly_99,77.48,16.91,0.5,0.19,3.07,0.95,0.9,
