SampleID,NOSC_median,NOSC_mean,NOSC_std,NOSC_w_mean,NOSC_w_std,GFE_median,GFE_mean,GFE_std,GFE_w_mean,GFE_w_std,DBE_median,DBE_mean,DBE_std,DBE_w_mean,DBE_w_std,AI_median,AI_mean,AI_std,AI_w_mean,AI_w_std
Kelly_01,-0.3448275862068968,-0.3441431595503404,0.3973983535560541,-0.15098296543731324,0.32198708179527513,70.12758620689655,70.1080800471847,11.325853076347537,64.60301451496342,9.17663183116534,8.0,8.83448275862069,4.821798460818145,,,-0.3514705882352941,-0.8037938109611079,2.3843222750876216,-1.8021241988118952,3.543963341312962
Kelly_02,-0.35294117647058787,-0.3527343938450164,0.405558174013971,-0.15358508504587745,0.32430519803150376,70.35882352941175,70.35293022458296,11.558407959398169,64.67717492380751,9.242698143897856,8.0,9.004046398705153,5.0239829379942496,,,-0.3333333333333333,-0.7876796839137836,2.321357587035234,-1.848919186887679,3.6170388425490057
Kelly_03,-0.2857142857142856,-0.295547483506935,0.37289621618853186,-0.09410576711471744,0.29204875339828573,68.44285714285714,68.72310327994764,10.62754216137316,62.98201436276945,8.323389471851142,8.0,8.843173431734318,4.725344236906272,,,-0.4117647058823529,-0.9587902338627333,2.484212766179046,-1.8730007303505665,3.5925244621176438
Kelly_04,-0.3157894736842106,-0.3214668260154834,0.3894629879766384,-0.1172123028713563,0.303899045318445,69.3,69.46180454144127,11.099695157334189,63.640550631833655,8.661122791575682,8.0,8.727666666666666,4.796439982013317,,,-0.4,-0.8861544566705719,2.515246557739858,-1.9051375792778682,3.633501355181222
Kelly_05,-0.35714285714285676,-0.34989022548461285,0.3973318162630115,-0.15406062230637968,0.32269793819287906,70.47857142857141,70.27187142631146,11.32395676349583,64.69072773573183,9.196891238497052,8.0,8.95757753071972,4.892608747054807,,,-0.3333333333333333,-0.7993479376686886,2.35777430110252,-1.7754190152632634,3.51658278048437
Kelly_06,-0.30303030303030276,-0.3116798991394121,0.389033038363806,-0.10962263969942278,0.299611856266343,68.93636363636362,69.18287712547324,11.08744159336846,63.42424523143355,8.538937903590774,8.0,8.668070175438597,4.837840575522836,,,-0.4166666666666667,-0.914142843859019,2.5434894475376337,-1.9256247300349263,3.6511773056650028
Kelly_07,-0.3200000000000003,-0.3233051098704362,0.391190892757831,-0.12216691345473867,0.30696031552539077,69.42,69.51419563130743,11.14894044359816,63.78175703346005,8.748368992473637,8.0,8.701884253028263,4.775677093619153,,,-0.39009661835748793,-0.9026811252562028,2.532092637198119,-1.8866217143877282,3.615593615120724
Kelly_08,-0.3200000000000003,-0.3257445002040643,0.39068692810574973,-0.12264748553933871,0.30922155862116335,69.42,69.58371825581582,11.134577451013858,63.795453337871145,8.812814420703155,8.0,8.735575337949225,4.825241850099427,,,-0.375,-0.8596248539207941,2.455109497238859,-1.846853189322168,3.588154837045897
Kelly_09,-0.33333333333333304,-0.33151169590431984,0.3891666020803912,-0.13177784041490434,0.31236755353382595,69.79999999999998,69.74808333327312,11.091248159291132,64.05566845182477,8.902475275714039,8.0,8.79486356340289,4.79897487638417,,,-0.36363636363636365,-0.8696892310126767,2.4989186735079376,-1.834561953560098,3.579408898592283
Kelly_10,-0.3720930232558137,-0.3637302313713496,0.40454018288889343,-0.13927474269639925,0.3219172505646099,70.90465116279069,70.66631159408345,11.529395212333451,64.2693301668474,9.174641641091382,9.0,9.169719827586206,5.068888852397295,,,-0.3076923076923077,-0.7624359677699855,2.3328701883595424,-1.802306337201719,3.5712146131570615
Kelly_100,0.0769230769230771,0.011011018749213255,0.47431950757934666,0.12058791792957314,0.3798480178808428,58.107692307692304,59.98618596564742,13.518105966011372,56.86324433900715,10.825668509604021,10.0,10.412789462502655,4.976804464335928,,,-0.17914438502673796,-0.7201342007330309,2.8161057173405406,-1.715217525244975,4.143945886765877
Kelly_101,0.0,-0.030107942970991095,0.46941887266860843,0.08497309759338982,0.37141389737700015,60.3,61.158076374673236,13.378437871055338,57.878266718588385,10.585296075244504,10.0,10.500643776824035,5.115011178672615,,,-0.16666666666666666,-0.7216538445205959,2.7024596776532332,-1.6975074772283218,4.1895462457725845
Kelly_102,0.0625,-0.0050504100558649056,0.4560951331658436,0.09170037722672236,0.3609476321280262,58.51875,60.44393668659215,12.998711295226494,57.68653924903842,10.287007515648746,10.0,10.595404814004377,4.981754925801911,,,-0.15384615384615385,-0.7060844344017653,2.6282590624717503,-1.5012332911172175,4.003673353424463
Kelly_103,0.0769230769230771,0.04318986040861434,0.4504975700442089,0.12566956386899503,0.36429449479652554,58.107692307692304,59.069088978354486,12.83918074625994,56.71841742973364,10.382393101700979,11.0,11.24004329004329,5.08202457707351,,,-0.14285714285714285,-0.6693602696336736,2.6503814977965847,-1.1569612950632977,3.7161841133468005
Kelly_104,0.07407407407407396,0.02787221807069928,0.43825376719453213,0.1284117767005793,0.3415379070629877,58.18888888888889,59.505641784985066,12.490232365044172,56.640264364033484,9.73383035129515,10.0,10.865797896662095,5.214805554721241,,,-0.16666666666666666,-0.7023607483904092,2.794887593341261,-1.4638697216164334,4.447553058970366
Kelly_105,0.07142857142857162,0.02239308810314272,0.44209371472320297,0.11684767571018827,0.34494872533392434,58.264285714285705,59.661796989060434,12.599670869611277,56.96984124225963,9.831038672016845,10.5,11.002835951134381,5.181222982827716,,,-0.125,-0.6148125974779738,2.697692539153197,-1.2196297784201937,4.194831332184838
Kelly_106,0.08000000000000007,0.03595690705605387,0.4408285824733125,0.1331580878282035,0.3410715167008052,58.019999999999996,59.275228148902464,12.563614600489423,56.504994496896195,9.720538225972948,10.0,10.972966781214204,5.277297113230102,,,-0.14285714285714285,-0.6773717604741859,2.7281100862686007,-1.3657684674961026,4.238126778225122
Kelly_107,0.06060606060606055,-0.003210166813622456,0.4561918405365486,0.09375392491481672,0.3583875680845251,58.57272727272727,60.39148975418824,13.001467455291651,57.62801313992773,10.214045690408966,10.0,10.710838181426416,5.213624906308453,,,-0.16666666666666666,-0.6958516365172577,2.679171996725696,-1.4028711496769066,4.234654338763753
Kelly_108,0.0,-0.033496017184356325,0.44651060141484916,0.03648129922102961,0.36326512682841805,60.3,61.254636489754155,12.725552140323169,59.26028297220064,10.353056114609915,10.0,10.74614707177455,4.9772507703503,,,-0.1,-0.6200207432855368,2.419228263529093,-1.1285437492121329,3.579026105758931
Kelly_109,0.06896551724137945,0.01762851551917674,0.45064056265628244,0.11820436143522861,0.36063900231906626,58.33448275862068,59.79758730770346,12.843256035704053,56.93117569909598,10.27821156609339,10.0,10.647877358490566,5.205593397265284,,,-0.18181818181818182,-0.7163428458423685,2.8198157430444124,-1.3448069956490223,4.411993312816767
Kelly_11,-0.3200000000000003,-0.34658840478991143,0.4470823181450429,-0.16982704016627787,0.35600508311822404,69.42,70.17776953651247,12.741846067133721,65.14007064473893,10.146144868869385,8.0,8.899549803038829,4.957776666369266,,,-0.28,-0.7561187396935394,2.3436466147144865,-1.3344002301813405,3.4434697649450445
Kelly_110,-0.45161290322580605,-0.4261047558153389,0.4990622124294149,-0.5295559264418235,0.4351434121825884,73.17096774193547,72.44398554073716,14.223273054238328,75.39234390359195,12.40158724720377,8.0,8.783667621776504,4.710630341490343,,,-0.1875,-0.6263507126376583,2.0815973067228355,-0.5910110487084781,2.15856213743378
Kelly_111,-0.5517241379310347,-0.517364475536728,0.47428779820449196,-0.6294210313425074,0.4228519011867532,76.02413793103449,75.04488755279675,13.517202248828024,78.23849939326145,12.051279183822466,8.0,8.278302974406271,4.438777057803932,,,-0.17647058823529413,-0.5849543624723811,2.1191594171266743,-0.54607020279639,2.289452952914407
Kelly_112,-0.40000000000000036,-0.38775338561542855,0.5105825676180079,-0.48160789607464083,0.4466142404987613,71.7,71.35097149003971,14.551603177113206,74.02582503812725,12.728505854214697,9.0,9.188316831683169,4.821633568201445,,,-0.1751918158567775,-0.5777593952543364,1.8908958383297405,-0.4979518287116174,1.81890231404724
Kelly_113,-0.44444444444444464,-0.4174970613483124,0.5104934675747526,-0.5452072137891196,0.4184424441507152,72.96666666666667,72.1986662484269,14.549063825880415,75.83840559298991,11.925609658295382,8.0,9.069537732121692,4.718252775212332,,,-0.17391304347826086,-0.5561347708033729,1.8102711848039499,-0.4022790083278476,1.4692887229692682
Kelly_114,-0.47058823529411775,-0.4445202221703114,0.49137249889400475,-0.5279190232478569,0.4599998837765257,73.71176470588236,72.96882633185386,14.004116218479176,75.34569216256392,13.109996687630982,8.0,8.545204222120239,4.5746453441598405,,,-0.17647058823529413,-0.6118530297577108,2.218801154840646,-0.6068732608308048,2.444096797769081
Kelly_115,-0.5185185185185182,-0.4882112882204233,0.49031699486730346,-0.6100201538421441,0.40947647964811007,75.07777777777777,74.21402171428207,13.974034353718174,77.68557438450111,11.670079669971138,8.0,8.832131147540984,4.628552399568024,,,-0.15192307692307694,-0.47127052851020873,1.6841203626771368,-0.35830689904258795,1.4259141508785234
Kelly_116,0.1333333333333333,0.07865038521223434,0.517310438030456,0.2085641105655824,0.40710372461758554,56.5,58.05846402145132,14.743347483868,54.3559228488809,11.602456151601189,9.0,10.310066740823137,5.322565277760092,,,-0.125,-0.7213147094042248,3.209951531712758,-1.8784507400878994,4.947767914060419
Kelly_117,0.11764705882352944,0.05666545285459086,0.5226657363511467,0.18874263757657936,0.43105444143195076,56.94705882352941,58.685034593644154,14.895973486007668,54.92083482906748,12.285051580810599,9.0,10.295600720349885,5.250134296552509,,,-0.1111111111111111,-0.6571564638819282,3.145537306961974,-1.5308291183001823,4.8974401344821334
Kelly_118,0.1428571428571428,0.09965723323820828,0.49981581105184886,0.22433273293924458,0.3969656179978587,56.22857142857143,57.459768852711065,14.244750614977669,53.90651711123153,11.31352011293897,10.0,10.58812101026922,5.464457149905523,,,-0.125,-0.6809182415295654,3.154006005227076,-1.5558346950521869,4.625497280158075
Kelly_119,0.22222222222222232,0.1822842468244592,0.47569471310607614,0.2866464996249905,0.3707810051416788,53.96666666666666,55.104898965502905,13.557299323523152,52.130574760687765,10.567258646537843,10.0,10.866349117399832,5.446777972599162,,,-0.125,-0.6978655518957549,3.28921309212783,-1.601428555161626,4.776068470594519
Kelly_12,-0.2777777777777777,-0.30167834905319246,0.4338752993718604,-0.1471521884114631,0.3310684335803549,68.21666666666667,68.89783294801599,12.365446032098049,64.4938373697267,9.435450357040116,8.0,8.867162592986185,4.992302906101524,,,-0.3333333333333333,-0.8298716659122255,2.484670246513407,-1.6353160383639962,3.7855704214867414
Kelly_120,0.16000000000000014,0.11519063476069778,0.4907752224678223,0.22087865302339527,0.3849141164824061,55.739999999999995,57.01706690932011,13.98709384033294,54.00495838883324,10.970052319748573,10.0,10.770797962648556,5.301932270898286,,,-0.1,-0.7107203795732064,3.1453804040969513,-1.7883409211860228,4.655494711463621
Kelly_121,0.2105263157894739,0.17883250383054275,0.47039898884571346,0.29753305223092624,0.3712022952482948,54.29999999999999,55.20327364082953,13.406371182102832,51.820308011418604,10.579265414576401,10.0,11.101283880171184,5.50147977764848,,,-0.1111111111111111,-0.7009064162014093,3.242421461039047,-1.4676474536047304,4.500867352816913
Kelly_122,-0.21052631578947345,-0.19373966248898358,0.5386191987329959,-0.21200914262859497,0.4933076760837554,66.29999999999998,65.82158038093603,15.350647163890372,66.34226056491495,14.059268768387032,9.0,9.456108778244351,4.6800131597427095,,,-0.18181818181818182,-0.6465142924681239,2.71215625995156,-0.7643224990672428,3.234729928537559
Kelly_123,0.0,-0.04812992214311907,0.5264453808238709,0.05865584448138369,0.470844998232693,60.3,61.67170278107889,15.00369335348034,58.628308432280555,13.419082449631752,9.0,9.402682926829268,4.848023832320964,,,-0.2,-0.7602457571045925,3.307494850879311,-1.1168876388689948,4.709831674155838
Kelly_124,0.0,-0.058201319560684896,0.49710721088366217,-0.0014686756204124686,0.4474119733079692,60.3,61.95873760747951,14.167555510184382,60.34185725518176,12.751241239277125,9.0,9.971861471861471,4.86378584517293,,,-0.16666666666666666,-0.7066915608283719,2.758716978264676,-1.1946624324049657,3.8474285105421804
Kelly_125,-0.18181818181818166,-0.1608527435246775,0.5212368433681367,-0.1863697045536708,0.44566593297760626,65.48181818181817,64.88430319045331,14.855250035991865,65.61153657977961,12.701479089861778,10.0,10.096792890262751,4.705439482870051,,,-0.2,-0.6649937346351962,2.1809290454330537,-0.6689575646391674,2.3897578685378655
Kelly_126,-0.06451612903225801,-0.07431250686330572,0.5084946662555433,-0.032005235078738314,0.4551093632085056,62.13870967741935,62.41790644560421,14.492097988282994,61.21214919974404,12.970616851442408,9.0,9.849136021267169,4.820239974572974,,,-0.16666666666666666,-0.6963840511209572,2.6645773232155587,-0.9910171837855348,3.5673615161158865
Kelly_127,-0.18181818181818166,-0.1691719885799732,0.5256075450257398,-0.21266662831120506,0.4583620793814112,65.48181818181817,65.12140167452922,14.979815033233594,66.36099890686934,13.06331926237022,10.0,10.296973390209223,4.712365072885727,,,-0.14285714285714285,-0.6126633283212376,2.138484668364197,-0.5756857141444022,2.2655551951038393
Kelly_128,0.0,-0.07188059971570837,0.5135135131431885,0.030522174101928003,0.4365965530867026,60.3,62.34859709189769,14.63513512458087,59.430118038095046,12.443001762971024,9.0,9.741810240232953,5.043338538650646,,,-0.1875,-0.7543518619821661,2.982536208999443,-1.472766859716862,4.27427968809316
Kelly_129,0.0,-0.0756368778928187,0.4921411090994361,0.016982540021564716,0.4093171024189666,60.3,62.45565101994533,14.026021609333934,59.815997609385406,11.665537418940549,9.0,9.601814785161462,5.159286271020212,,,-0.2222222222222222,-0.7760364454579177,2.8952695758008384,-1.3127248050360614,4.017505405382075
Kelly_13,-0.3076923076923075,-0.31900401355154684,0.4537413961883131,-0.2065344297615496,0.3502750849700198,69.06923076923076,69.39161438621909,12.931629791366934,66.18623124820415,9.982839921645564,8.0,8.830441249380268,4.866530562524724,,,-0.3,-0.7584970743944734,2.438219698500873,-1.40331933932506,3.4683529624717915
Kelly_130,0.11764705882352944,0.06994621800788012,0.5014794722864669,0.19272387954545206,0.39948220865051903,56.94705882352941,58.30653278677542,14.292164960164323,54.80736943295462,11.385242946539794,10.0,10.502186776434268,5.207079077555648,,,-0.125,-0.7409526935240787,3.257597401491261,-1.5682017989062795,4.7659213108144325
Kelly_131,0.127016129032258,0.08776914090909223,0.5111552029013151,0.21020953711548493,0.4218962479217952,56.680040322580645,57.798579484090865,14.567923282687476,54.30902819220869,12.024043065771163,10.0,10.612829031433682,5.190305675169127,,,-0.14285714285714285,-0.7254534361629078,3.2061108000511283,-1.4172985172750425,4.566119237945501
Kelly_132,0.09090909090909083,0.0394802052707447,0.5040250481504872,0.15598751945159486,0.41319502148334997,57.70909090909091,59.17481414978377,14.364713872288922,55.85435569562956,11.776058112275473,10.0,10.420518029456577,5.2122250871349145,,,-0.14285714285714285,-0.75971966261223,3.1403721334936336,-1.5400137972820942,4.460274590379216
Kelly_133,0.16666666666666652,0.11664074744681778,0.5029443257284363,0.24655741607530252,0.40993307627120384,55.550000000000004,56.97573869776569,14.333913283260449,53.27311364185388,11.683092673729307,10.0,10.820102953129233,5.264045564730133,,,-0.10526315789473684,-0.6683411207510922,3.2834076210711407,-1.3663454822902381,4.735703169424974
Kelly_134,0.06060606060606055,-0.0077775413503637075,0.45407158866440556,0.09527124716584172,0.35865609416414557,58.57272727272727,60.52165992848536,12.941040276935569,57.58476945577352,10.221698683678147,10.0,10.264705882352942,5.003193552371038,,,-0.19375,-0.7494769969025239,2.82862499215343,-1.707866781078494,4.361384915181982
Kelly_135,0.07549857549857553,0.02606534000909744,0.4447560913178663,0.12653918125454441,0.33881419067438556,58.1482905982906,59.55713780974072,12.675548602559196,56.69363333424548,9.656204434219989,10.0,10.91699604743083,5.168360083325718,,,-0.14285714285714285,-0.6757094095533092,2.8457505510829466,-1.4403732699169143,4.339038322391676
Kelly_136,0.06896551724137945,0.017920948788467,0.46133883585403734,0.10602793293055521,0.364917520095001,58.33448275862068,59.78925295952868,13.148156821840043,57.27820391147917,10.400149322707529,10.0,10.573777585460839,5.000548375973773,,,-0.17647058823529413,-0.7386761181587114,2.7197992211286737,-1.5043013934492269,4.126335171384962
Kelly_137,0.0,0.012121885956424605,0.4716852636302429,0.09001635428148902,0.39389518382451005,60.3,59.95452625024189,13.443030013461932,57.73453390297757,11.226012738998534,10.0,10.285287209054026,4.86561956993982,,,-0.23076923076923078,-0.8037304561780767,2.7518286020398968,-1.53152721149868,4.111634807765108
Kelly_138,0.0769230769230771,0.03875370166887578,0.4476681530260007,0.11348597968273606,0.35496151955779587,58.107692307692304,59.19551950243704,12.758542361241027,57.06564957904202,10.116403307397182,10.0,10.84983606557377,5.002138532109439,,,-0.15384615384615385,-0.6945024149503659,2.6353540989005344,-1.3892848739258175,4.004196800953299
Kelly_139,0.05714285714285694,0.017260926284442927,0.4644593475859098,0.09308221610175631,0.38202095267656005,58.67142857142858,59.80806360089337,13.237091406198422,57.64715684109995,10.88759715128196,11.0,10.90669755686605,5.081050828949932,,,-0.17647058823529413,-0.6870365242150365,2.6291411272313154,-1.3209215575157542,4.009291162207272
Kelly_14,-0.3157894736842106,-0.32220720996322405,0.45196780302654327,-0.2245339851511736,0.3504759635809003,69.3,69.48290548395188,12.881082386256502,66.69921857680845,9.988564962055657,8.0,8.80327868852459,4.795421255488321,,,-0.2631578947368421,-0.7399013436500425,2.507102466946968,-1.4117635855669897,3.5479307062532497
Kelly_140,0.0625,-0.0007057369278783064,0.4511214018691204,0.10050885796695777,0.35569073631531356,58.51875,60.320113502444535,12.85695995326997,57.4354975479417,10.137185984986436,10.0,10.671173235563703,5.186132834580394,,,-0.15,-0.6940142989929384,2.72720470361066,-1.4520348693831866,4.295460923664407
Kelly_141,0.07142857142857162,0.01758467502974414,0.43761418987684275,0.1357993284129201,0.3372483256311032,58.264285714285705,59.79883676165229,12.472004411490003,56.429719140231775,9.611577280486442,10.0,11.037845705967976,5.196037915039479,,,-0.1111111111111111,-0.6291404717422019,2.7809495445296544,-1.3001818146357471,4.5004087691934584
Kelly_142,0.08000000000000007,0.03710725728514353,0.447865115530356,0.1250824440552347,0.35278786819409125,58.019999999999996,59.24244316737341,12.764155792615147,56.73515034442581,10.054454243531602,11.0,11.168059832820061,5.162264755031426,,,-0.11764705882352941,-0.6330395628540207,2.6771252624672965,-1.2798629905500787,4.204696740246497
Kelly_143,0.0,-0.03663438031930495,0.47509538627675413,0.02108617901695281,0.3962300917195212,60.3,61.34407983910018,13.540218508887497,59.69904389801684,11.292557614006354,10.0,10.267379679144385,4.87423727399724,,,-0.2222222222222222,-0.7566489189552166,2.608351440550474,-1.239092003379725,3.8217123558484096
Kelly_144,0.06060606060606055,0.005471187352034321,0.44120434949338483,0.09804496050425801,0.3456748458042545,58.57272727272727,60.14407116046702,12.574323960561472,57.505718625628646,9.851733105421253,10.0,10.677655677655677,5.118475879327637,,,-0.14285714285714285,-0.6787867567940931,2.6890397081643584,-1.4219010384370034,4.314494966049123
Kelly_145,0.0625,0.023033586228912616,0.4601123490181731,0.1052839337511612,0.3755666126252506,58.51875,59.643542792475984,13.113201947017961,57.299407888091906,10.703648459819643,11.0,11.062862046771079,5.197981232024175,,,-0.14285714285714285,-0.6474384028652919,2.6131543059544393,-1.2357947314760704,4.091211171592452
Kelly_146,-0.25806451612903203,-0.26139685498461457,0.5136732473095964,-0.26801782586581124,0.4777457428469593,67.6548387096774,67.74981036706151,14.639687548323534,67.93850803717562,13.615753671138341,9.0,9.329517069109075,4.994883379929562,,,-0.2,-0.7252198923114875,2.438238727082295,-0.9094028460948652,2.89431520500203
Kelly_147,-0.3076923076923075,-0.31280898790397355,0.5153318064336858,-0.3036973962341783,0.4856491664550359,69.06923076923076,69.21505615526324,14.686956483360047,68.95537579267408,13.841001243968524,8.0,8.469727661489983,4.59593516864596,,,-0.23809523809523808,-0.7859152500369279,2.7854124482997786,-1.2497833036490265,3.9172228158726803
Kelly_148,-0.16666666666666696,-0.18009953459840738,0.5042063204111545,-0.1643219663473618,0.4404766009181962,65.05000000000001,65.4328367360546,14.369880131717915,64.9831760408998,12.553583126168592,9.0,9.777247414478918,4.88581609831274,,,-0.2,-0.7182771299266352,2.2539616795448314,-0.8271758351443675,2.649796008577318
Kelly_149,-0.23529411764705888,-0.2194729998158678,0.506757516887259,-0.2647080369267234,0.42267012749553395,67.00588235294117,66.55498049475223,14.44258923128684,67.84417905241162,12.046098633622718,10.0,10.281231380337637,4.882809726324454,,,-0.16666666666666666,-0.5473867294001765,1.6679401520022479,-0.43048138301169353,1.498678826406064
Kelly_15,-0.2857142857142856,-0.30918936196640473,0.44306976654806585,-0.14707377423025184,0.3366592593057004,68.44285714285714,69.11189681604253,12.627488346619892,64.49160256556218,9.594788890212461,8.0,9.024791297748546,5.009898361475299,,,-0.3,-0.7570087991443792,2.3907493745930055,-1.3639359065467527,3.5156422133617675
Kelly_150,-0.25,-0.26321194718916846,0.49852449390167164,-0.2699230962692233,0.44663198454345165,67.425,67.8015404948913,14.20794807619765,67.99280824367285,12.72901155948837,9.0,9.447092084006462,4.7967398316696945,,,-0.18181818181818182,-0.6715934328635945,2.229895558973544,-0.7940143400390951,2.6486701616954442
Kelly_151,-0.20000000000000018,-0.21881067218708805,0.496272518432461,-0.2134829530102271,0.432521446836097,66.0,66.536104157332,14.143766775325174,66.38426416079147,12.326861234828764,9.0,9.901670146137787,4.941856264256322,,,-0.16666666666666666,-0.6393336816999265,2.184404782668682,-0.7126195935304956,2.4706747682599572
Kelly_152,0.0,-0.01599857183512952,0.5243049516081703,0.10772393331012677,0.42401617697006977,60.3,60.75595929730119,14.942691120832855,57.22986790066137,12.08446104364699,9.0,10.159246575342467,5.232726580407555,,,-0.125,-0.7889018205583298,3.103902403960188,-2.444808807031288,4.934799333127545
Kelly_153,0.06896551724137945,0.01682721708148395,0.5078358324720411,0.14395487718171976,0.41364240462520424,58.33448275862068,59.8204243131777,14.473321225453184,56.197286000320986,11.78880853181832,10.0,10.589509394572024,5.358105277363955,,,-0.1,-0.6809295377072417,3.0894509071429717,-1.918250601701179,4.926939474754579
Kelly_154,0.1428571428571428,0.10646797161512099,0.4761672721589737,0.2157311043540261,0.37402897720683914,56.22857142857143,57.26566280896905,13.570767256530758,54.151663525910266,10.659825850394915,10.0,11.107319757842598,5.4412798970803475,,,-0.1,-0.7273841878829621,3.1421615044327798,-1.8822089338915444,4.658995421312233
Kelly_155,0.125,0.08966180423099376,0.4920046597941151,0.19426212488664135,0.39818923031400366,56.7375,57.74463857941667,14.02213280413229,54.76352944073073,11.348393063949105,10.0,10.896393972012918,5.3150314202688795,,,-0.11764705882352941,-0.7195274041361095,3.114484279493557,-1.7374098670400875,4.566324935043528
Kelly_156,0.16000000000000014,0.11939411910932514,0.48132408862874876,0.22894514803660004,0.3768956328529679,55.739999999999995,56.89726760538423,13.717736525919353,53.77506328095691,10.741525536309585,10.0,11.100842696629213,5.413261412593732,,,-0.09090909090909091,-0.7315157399079173,3.1202229634006895,-1.8650440085097173,4.543711110199216
Kelly_157,0.1428571428571428,0.10190814551861276,0.4894582470979421,0.20990896603739492,0.39393520590334946,56.22857142857143,57.39561785271954,13.949560042291349,54.31759446793425,11.22715336824546,10.0,11.083443358859256,5.38922522451016,,,-0.1,-0.7386630451231263,3.086229935068644,-1.8372015831868467,4.5755865176261254
Kelly_16,-0.2608695652173916,-0.25640532421467593,0.4716299563717917,-0.2074984091786939,0.35880532465492737,67.73478260869565,67.60755174011827,13.441453756596092,66.21370466159279,10.225951752665429,8.0,8.947559207346544,4.9128646332377945,,,-0.3,-0.7987283234307204,2.606977875721672,-1.4051087394301491,3.5163904631680203
Kelly_17,-0.3157894736842106,-0.3346598026043731,0.4587747116626932,-0.22237891669397022,0.3607538195742535,69.3,69.83780437422463,13.075079282386778,66.63779912577814,10.281483857866224,8.0,9.090909090909092,4.922765384845925,,,-0.23076923076923078,-0.6650189733078249,2.3307458462326927,-1.2011525820316775,3.3712113844030758
Kelly_18,-0.2608695652173916,-0.28924122380407924,0.4462007424816546,-0.1461318019918767,0.3386801266375746,67.73478260869565,68.54337487841626,12.71672116072719,64.46475635676848,9.652383609170876,8.0,9.04891719745223,4.997721394610464,,,-0.3,-0.7587886637908193,2.3331748562690824,-1.110075198326577,2.9170700981415734
Kelly_19,-0.2857142857142856,-0.3051893344873671,0.4364624479795391,-0.11973256345134785,0.3406115322740573,68.44285714285714,68.99789603288995,12.439179767416858,63.712378058363406,9.707428669810634,8.0,8.874426140966783,4.917323157250648,,,-0.3333333333333333,-0.8302244617046548,2.4176334607958614,-1.2915582472428646,3.1056799247680407
Kelly_20,-0.3076923076923075,-0.3281521001046062,0.43961660725199336,-0.12030924456601033,0.3379177696651449,69.06923076923076,69.65233485298127,12.529073306681815,63.728813470131286,9.63065643545663,8.0,8.736550632911392,4.861571328292813,,,-0.3333333333333333,-0.832202324464169,2.3909658986706117,-1.3907791519306312,3.0459676790755816
Kelly_21,-0.2608695652173916,-0.3130593204274053,0.45685974837116083,-0.1162465809323855,0.4150798721310912,67.73478260869565,69.22219063218104,13.020502828578074,63.61302755657299,11.829776355736097,7.0,7.6296142679386145,4.396728581149201,,,-0.3333333333333333,-0.8956837132639558,3.002885107429199,-3.0969681155573805,6.611420528332382
Kelly_22,-0.1379310344827589,-0.2370898088555046,0.4635495861019311,-0.0993226636264761,0.4143012390390173,64.23103448275863,67.05705955238187,13.211163203904984,63.130695913354565,11.807585312611993,8.0,8.426871280927028,4.542033375233441,,,-0.25,-0.7973580675733153,2.8817086798670175,-2.512727265180813,6.167791412450875
Kelly_23,-0.22222222222222232,-0.303156578663498,0.4711136462366709,-0.15113708810066306,0.4490587146689402,66.63333333333333,68.9399624919097,13.426738917745132,64.60740701086888,12.798173368064795,8.0,8.246511627906976,4.393240890959307,,,-0.25,-0.7659995918833745,2.654080290331903,-2.530423823571101,6.000448085481439
Kelly_24,-0.13333333333333375,-0.22232811744698647,0.4719943114465544,-0.10573955727602082,0.4188327692583333,64.10000000000001,66.63635134723911,13.451837876226778,63.31357738236659,11.9367339238625,8.0,8.804652466367713,4.624529701092003,,,-0.21428571428571427,-0.7322151147853656,2.7061580496495434,-2.391249597385792,5.753169568424555
Kelly_25,-0.10526315789473717,-0.20201016157921445,0.448605089324169,-0.05653294013877079,0.40463825655417157,63.300000000000004,66.05728960500761,12.785245045738815,61.91118879395496,11.53219031179389,8.0,8.58217270194986,4.557168107526613,,,-0.25,-0.8155025910833055,2.82679362927395,-1.8800648038924963,6.258846582740275
Kelly_26,-0.14814814814814792,-0.23240047628365004,0.45476347442663145,-0.09621571853853024,0.41674882114667977,64.52222222222221,66.92341357408402,12.960759021158971,63.04214797834812,11.877341402680376,8.0,8.411877394636015,4.447955837698565,,,-0.25,-0.7849820555732953,2.894124946861436,-1.9493924248294965,6.044894667857145
Kelly_27,-0.11111111111111072,-0.2007633678690635,0.4532285015853761,-0.08124681815679179,0.39688532009367855,63.466666666666654,66.02175598426831,12.917012295183234,62.615534317468565,11.311231622669839,8.0,8.49593208348072,4.530571752332039,,,-0.25,-0.7402984057315879,3.011591846324508,-2.270643469728815,5.804596500871608
Kelly_28,-0.14814814814814792,-0.23425266074131793,0.4686711927751494,-0.09975729601755988,0.4165000615309333,64.52222222222221,66.97620083112756,13.357128994091745,63.143082936500456,11.870251753631598,8.0,8.48578895785691,4.575104263952338,,,-0.25,-0.7697314187825701,2.886385445064649,-2.3482293628625146,5.861251117171866
Kelly_29,-0.2142857142857144,-0.27632125209946456,0.45946648991732814,-0.1242296504165457,0.42332919054374835,66.40714285714286,68.17515568483473,13.09479496264384,63.84054503687155,12.064881930496828,7.0,7.912495498739647,4.4202726097599765,,,-0.3076923076923077,-0.878187587397853,3.032871865510442,-2.5382108336462723,6.230368408107215
Kelly_30,-0.20000000000000018,-0.2589388777361727,0.45728110646392706,-0.12340067697933563,0.4189727763881654,66.0,67.67975801548091,13.032511534221923,63.816919293911056,11.940724127062714,7.0,8.1585326953748,4.439489255911087,,,-0.3076923076923077,-0.8485545115105534,2.928139441450157,-2.445778535361058,6.09494484667873
Kelly_31,-0.125,-0.19883278014474698,0.46805414426384606,-0.10345233677839631,0.4161362631167907,63.8625,65.96673423412528,13.339543111519626,63.2483915981843,11.859883498828536,9.0,9.069833119383825,4.741088073976237,,,-0.2,-0.688367131307342,2.722764507090598,-1.9412167001625127,5.265680093545482
Kelly_32,-0.09999999999999964,-0.18140955500633996,0.4669122886696441,-0.10918834461265617,0.42066630278861306,63.149999999999984,65.47017231768068,13.307000227084837,63.411867821460696,11.988989629475473,9.0,9.233315954118874,4.7626913337759875,,,-0.1875,-0.6738487197941175,2.7131806073146327,-1.790076819100269,4.872790439577256
Kelly_33,-0.14285714285714324,-0.20740210620887278,0.45912573271266804,-0.1038297328598226,0.40658367843798465,64.37142857142858,66.21096002695288,13.085083382311057,63.259147386504935,11.587634835482561,8.0,8.665163811241358,4.560378411764266,,,-0.23529411764705882,-0.7331911693270348,2.8920162077178255,-2.24667275106452,5.566194599590629
Kelly_34,-0.1904761904761907,-0.24948631792409431,0.4650213972996116,-0.14456933278646816,0.423103835531234,65.72857142857143,67.41036006083668,13.2531098230389,64.42022598441434,12.058459312640167,8.0,8.554455445544555,4.552260438935632,,,-0.22727272727272727,-0.7305103522204814,2.7100634586244774,-2.298667072331291,5.481486677796447
Kelly_35,-0.1778656126482212,-0.24513707735754184,0.4597969461115053,-0.13725851755186969,0.4166836130380791,65.3691699604743,67.28640670468994,13.104212964177883,64.21186775022828,11.875482971585253,8.0,8.493886743886744,4.568362250218597,,,-0.23076923076923078,-0.7340183107975393,2.7777545983288205,-2.4601305470023385,5.545257432754175
Kelly_36,-0.11428571428571388,-0.1991887502438125,0.46387052996421313,-0.11665893804418494,0.4208442652572189,63.55714285714284,65.97687938194865,13.220310103980042,63.624779734259256,11.99406155983074,8.0,9.02224123182207,4.74207132985255,,,-0.1875,-0.6435616369507502,2.766071615802944,-1.9226532022186846,5.125106529511126
Kelly_37,-0.09999999999999964,-0.17623050122879402,0.4592997268806166,-0.07826499792053628,0.4082972961203462,63.149999999999984,65.32256928502062,13.090042216097572,62.53055244073528,11.636472939429867,9.0,9.19360754519256,4.850379937789144,,,-0.2,-0.6814164138355877,2.783012286887412,-1.962757422300681,5.443169066173915
Kelly_38,-0.1126984126984123,-0.1927330697207826,0.470071597257849,-0.08619347786306605,0.4111850049566537,63.511904761904745,65.7928924870423,13.397040521848703,62.75651411909738,11.718772641264632,8.0,8.927872518870561,4.7350196814998995,,,-0.21428571428571427,-0.7085221591176873,2.865396946482081,-2.195375687394035,5.570020470267543
Kelly_39,-0.13333333333333375,-0.1976740430495613,0.4705786170154258,-0.12158301402064281,0.41960579567237055,64.10000000000001,65.9337102269125,13.411490584939624,63.765115899588324,11.958765176662562,9.0,9.153865213082259,4.731278234317533,,,-0.2,-0.6909668636032106,2.666965562688387,-1.9413443740396288,5.028198620532976
Kelly_40,-0.10526315789473717,-0.19155700313773558,0.4605722105694469,-0.10306888785575224,0.4165974318201682,63.300000000000004,65.75937458942546,13.126308001229237,63.23746330388893,11.873026806874792,8.0,8.903272939801285,4.721689687571786,,,-0.2222222222222222,-0.7183193189869695,2.8551135535825782,-2.048266162712961,5.367306897726653
Kelly_41,-0.11111111111111072,-0.18610509713681142,0.4610435959979954,-0.09810478121076108,0.4127011808228919,63.466666666666654,65.60399526839913,13.139742485942884,63.095986264506685,11.761983653452418,8.0,8.96089096089096,4.7604560274623715,,,-0.21428571428571427,-0.7262321383255819,2.8207563225592565,-1.9868644734903416,5.277195000828372
Kelly_42,-0.33333333333333304,-0.3311626199188282,0.45039741999546024,-0.1650850706948335,0.39581094027254127,69.79999999999998,69.73813466768661,12.836326469870611,65.00492451480275,11.280611797767424,8.0,8.155684104627767,4.494318748838346,,,-0.42857142857142855,-0.8630857363707302,2.4922232837857603,-0.9224876407944967,2.4502082896860373
Kelly_43,-0.35714285714285676,-0.3475073209806284,0.4476306398266575,-0.1867241760175247,0.40085042583031977,70.47857142857141,70.20395864794791,12.757473235059784,65.62163901649946,11.42423713616411,7.0,8.084292146073036,4.513527149823347,,,-0.4375,-0.8595549993419108,2.504212507993342,-0.9643207110625405,2.473213516472518
Kelly_44,-0.3636363636363633,-0.35018023481646915,0.4589147957555316,-0.17735753190798165,0.40166211092501775,70.66363636363636,70.28013669226937,13.079071679032657,65.35468965937748,11.447370161363002,8.0,8.23273346303502,4.538713553311792,,,-0.4,-0.8254364486540186,2.425340153515421,-0.8659101688785603,2.3875152230935694
Kelly_45,-0.35714285714285676,-0.34788516895906757,0.45151664236513717,-0.18628386447317682,0.40262741709321515,70.47857142857141,70.21472731533342,12.868224307406404,65.60909013748554,11.474881387156632,7.0,8.036065573770491,4.428255375058935,,,-0.42857142857142855,-0.8291158959751833,2.4681074838965578,-0.9232480169500725,2.459977139532589
Kelly_46,-0.3589743589743586,-0.3456434536599278,0.4559593866987307,-0.17400160282140617,0.4075763217324639,70.53076923076921,70.15083842930794,12.99484252091385,65.25904568041007,11.615925169375219,8.0,8.136561743341405,4.430540302976946,,,-0.4,-0.8194708689948224,2.4560535462304354,-0.8556264493628384,2.454123938260186
Kelly_47,-0.35294117647058787,-0.3440781671005301,0.4533230255716795,-0.18013974800728116,0.4046476837919447,70.35882352941175,70.1062277623651,12.91970622879286,65.43398281820751,11.532458988070426,8.0,8.18689977837971,4.520537237248705,,,-0.4,-0.8445425062652203,2.4622840793931435,-0.881074412860121,2.41473199611066
Kelly_48,-0.3636363636363633,-0.3452535008376813,0.4549744419264627,-0.18386915960543584,0.39693830366115546,70.66363636363636,70.13972477387391,12.966771594904195,65.54027104875493,11.31274165434293,8.0,8.192175196850394,4.45241505208438,,,-0.4,-0.8291905807318278,2.4594312443160242,-0.881771119154472,2.3659265731010546
Kelly_49,-0.3636363636363633,-0.3467014099720579,0.4575467033816752,-0.1781536559253892,0.4057530331005444,70.66363636363636,70.18099018420365,13.040081046377756,65.3773791938736,11.563961443365516,8.0,8.207986281234689,4.436776305617589,,,-0.4,-0.8214688382166393,2.433344751797764,-0.8628603569744648,2.4242873114301493
Kelly_50,-0.35294117647058787,-0.3396436114540129,0.4574241674098825,-0.17705843093823884,0.4014924896818444,70.35882352941175,69.97984292643936,13.03658877118162,65.34616528173981,11.442535955932566,8.0,8.148193659375767,4.4577013232566305,,,-0.410427807486631,-0.8652997322479318,2.4785042494842986,-0.8947334854444966,2.4164624357067344
Kelly_51,-0.3550420168067223,-0.34623820496035657,0.4533696404122604,-0.19030117828566911,0.40194125932256314,70.41869747899159,70.16778884137015,12.921034751749433,65.72358358114158,11.45532589069305,8.0,8.114964831433422,4.477652382259743,,,-0.42857142857142855,-0.873570653702941,2.5342800371593026,-0.9196747943428646,2.4506211970332132
Kelly_52,-0.2857142857142856,-0.2688425381353531,0.48939800986316084,-0.22447505774044346,0.35756455206791693,68.44285714285714,67.96201233685755,13.947843281100045,66.69753914560262,10.190589733935633,8.0,9.059241126070992,4.958536788522101,,,-0.26666666666666666,-0.7257476403154801,2.529215808745759,-1.265257002811353,3.3224955165172614
Kelly_53,-0.2857142857142856,-0.27587122919073276,0.49191886394686035,-0.235161501077751,0.35971355008712674,68.44285714285714,68.16233003193588,14.019687622485513,67.0021027807159,10.251836177483113,9.0,9.170766658705517,4.969205260110589,,,-0.25,-0.7011545202190975,2.5216930010924172,-1.1881527930631357,3.2419639699660334
Kelly_54,-0.3157894736842106,-0.3006725279328893,0.4854642799010375,-0.25045871182869156,0.36142717413464126,69.3,68.86916704608734,13.835731977179567,67.43807328711772,10.300674462837277,8.0,9.04669260700389,4.8773084716243895,,,-0.25,-0.6973908313090121,2.5027945939409744,-1.1870689376258503,3.245192266589092
Kelly_55,-0.2666666666666666,-0.2530541011422011,0.4776866474426094,-0.21687968623857432,0.3622559080556335,67.89999999999999,67.51204188255274,13.614069452114412,66.48107105779938,10.324293379585555,8.0,8.981164807930607,4.901927836168858,,,-0.29411764705882354,-0.7504855851755914,2.591093230438746,-1.2714380131139162,3.3358912390385034
Kelly_56,-0.2777777777777777,-0.26122038465661124,0.47938232694042937,-0.21902798028700823,0.3688691412782469,68.21666666666667,67.74478096271342,13.662396317802218,66.54229743817973,10.512770526430035,8.0,8.96568871208354,4.87529809040919,,,-0.29411764705882354,-0.7707719402770621,2.630692126538036,-1.3485751434449007,3.4307708807007327
Kelly_57,-0.23529411764705888,-0.2201469598904895,0.477895315534836,-0.1864956785351098,0.3665339201742697,67.00588235294117,66.57418835687895,13.620016492742812,65.61512683825062,10.446216724966687,8.0,8.956797966963151,4.831651271012127,,,-0.3076923076923077,-0.8037380084452767,2.627742140934032,-1.4047101677682345,3.5858911031247866
Kelly_58,-0.25,-0.2397021178925788,0.4732694854350557,-0.19430974115023603,0.361984696504153,67.425,67.13151035993849,13.48818033489906,65.83782762278172,10.316563850368357,8.0,8.921773142112125,4.888867511582771,,,-0.3076923076923077,-0.8066742951369125,2.6442727974994,-1.415035323077725,3.567996051880044
Kelly_59,-0.2684684684684684,-0.2546262256558595,0.4769808586673367,-0.2168852718366409,0.36104212312029477,67.95135135135135,67.556847431192,13.593954472019087,66.48123024734427,10.289700508928401,8.0,8.986585674512781,4.884444154032329,,,-0.2857142857142857,-0.7529972383789267,2.5823509540576115,-1.3136703385566217,3.383694166295355
Kelly_60,-0.2631578947368425,-0.24362710108637242,0.4887251953892876,-0.22837847351683316,0.3677766474357752,67.80000000000001,67.24337238096162,13.928668068594702,66.80878649522974,10.481634451919593,8.0,8.961213326703133,4.898267443089977,,,-0.3,-0.766975958502807,2.613174773821046,-1.270848703187151,3.2503811124574153
Kelly_61,-0.2758620689655169,-0.26097076182714135,0.4844098802998185,-0.22641332801115957,0.36439890475672104,68.16206896551722,67.73766671207353,13.805681588544822,66.75277984831803,10.38536878556655,8.0,9.07459324155194,4.8630151323814435,,,-0.26666666666666666,-0.7535950879336281,2.5591725170364357,-1.2149222533570014,3.279673001378142
Kelly_62,-0.3125,-0.2815523640138067,0.531527212326561,-0.29388418340606953,0.4675656398204618,69.20625,68.32424237439349,15.148525551306966,68.67569922707298,13.325620734883161,9.0,9.41576990804148,4.982660520260127,,,-0.21052631578947367,-0.6303481758809704,2.4366168514275928,-0.5429073124549835,2.5853806222250784
Kelly_63,-0.47058823529411775,-0.4114964936831127,0.497035835543982,-0.4649753935630509,0.47931624457971095,73.71176470588236,72.02765006996871,14.165521313003497,73.55179871654693,13.660512970521763,8.0,8.137034258564642,4.264600768704479,,,-0.2222222222222222,-0.7004141723125963,2.753084566747108,-0.737372966937452,3.1713256757456567
Kelly_64,-0.4571428571428573,-0.40428435709388133,0.5221240574732385,-0.5472199262113817,0.4190245865835053,73.32857142857142,71.82210417717562,14.880535637987295,75.89576789702438,11.942200717629898,9.0,9.081184743234605,4.694141852889002,,,-0.16666666666666666,-0.5626073328211993,1.9622519450612397,-0.35320915940157466,1.6091209824775428
Kelly_65,-0.3478260869565215,-0.3306886937042134,0.4905374974898692,-0.29344562916471445,0.42488266686774057,70.21304347826086,69.72462777057008,13.980318678461261,68.66320043119437,12.109156005730606,9.0,9.477699293642784,5.1873710376826985,,,-0.2,-0.6210656874915325,2.2976804553777983,-0.6022030983253117,2.266644071087401
Kelly_66,-0.4375,-0.3839018376068778,0.5223443025993563,-0.47387065100777703,0.4633386713502455,72.76875,71.241202371796,14.886812624081607,73.80531355372165,13.205152133481997,8.0,8.777972410772936,4.529575367052511,,,-0.16666666666666666,-0.611872788014015,2.530432622933266,-0.5322001620475055,2.6505919027124145
Kelly_67,-0.32258064516129004,-0.2953578045590948,0.5169631195177881,-0.2903211832070072,0.45546573919638084,69.49354838709677,68.7176974299342,14.733448906256934,68.5741537213997,12.980773567096854,9.0,9.335871743486974,4.951378729656724,,,-0.2,-0.6335067390669936,2.527160927412829,-0.5637441571709171,2.731537927551989
Kelly_68,-0.068965517241379,-0.11689744140774877,0.49248136865358655,-0.06743140129075154,0.4397911862119807,62.2655172413793,63.63157708012084,14.03571900662725,62.22179493678641,12.534048807041453,10.0,10.584778420038536,5.021906097760873,,,-0.125,-0.5652323751829874,2.2155948889082104,-0.7748349742666877,3.0876109844261985
Kelly_69,0.0,-0.0766785131015547,0.46580121730626,0.026510648165900815,0.39682452897562487,60.3,62.4853376233943,13.275334693228382,59.54444652727182,11.30949907580531,10.0,10.676186291739894,5.221709381712815,,,-0.10526315789473684,-0.5843343051611127,2.523627022956365,-0.9741538904374362,3.977643677210222
Kelly_70,-0.06666666666666643,-0.1287769811595388,0.48382834971027516,-0.07827725510814515,0.44636113282761203,62.19999999999999,63.97014396304685,13.789107966742817,62.53090177058214,12.72129228558694,10.0,10.193209377526273,4.800387673749999,,,-0.1111111111111111,-0.5282582219265809,2.3036391985937152,-0.694110591988117,3.249927295032144
Kelly_71,0.0,-0.03560877465302998,0.49901616263908644,0.018452222373017503,0.43397698592444156,60.3,61.314850077611354,14.221960635213952,59.77411166236901,12.368344098846586,11.0,11.110853163087638,5.072795948394355,,,-0.125,-0.5766299518221076,2.3243572968282535,-0.7829892376413737,2.653839275450862
Kelly_72,0.0,-0.05157633867877259,0.46748605989676356,0.026915013955542872,0.39352763362834947,60.3,61.769925652345016,13.323352707057753,59.53292210226704,11.215537558407961,10.0,10.797940797940798,5.066933671089177,,,-0.1111111111111111,-0.5722821692990472,2.4415889089032854,-0.9678062310931926,3.5172358633312535
Kelly_73,0.0,-0.05628019101107917,0.47986079609081433,0.0008583048234566902,0.4117057384827481,60.3,61.90398544381575,13.676032688588181,60.275538312531474,11.73361354675832,11.0,11.084194114207756,5.1132520587688,,,-0.08333333333333333,-0.5192559779886284,2.299457137362486,-0.8078776341836873,3.2266050936845687
Kelly_74,-0.08333333333333304,-0.14347831471860617,0.4956345640987325,-0.09488149192412063,0.44928804577824144,62.67499999999999,64.38913196948027,14.125585076813863,63.00412251983743,12.80470930467988,10.0,10.482099758648431,5.040040977155056,,,-0.11764705882352941,-0.5448338187245596,2.281425037546121,-0.7182876867290159,3.243755013996542
Kelly_75,0.0,-0.05941200878111366,0.4676045615752745,0.0321156091353862,0.39585305121981057,60.3,61.99324225026174,13.326730004895335,59.38470513964149,11.281811959764601,10.0,10.813442768411713,5.124803737700807,,,-0.09090909090909091,-0.5414647448666067,2.512241470866248,-0.8281565920337582,3.9397531256097253
Kelly_76,-0.068965517241379,-0.12023510228045696,0.49413433726790956,-0.10651456952228912,0.44033443231804337,62.2655172413793,63.726700414993026,14.082828612135437,63.33566523138524,12.549531321064237,10.0,10.672986791648913,4.835214131874901,,,-0.07142857142857142,-0.49114569884875925,2.1175607413915185,-0.6081143457182302,2.7868176179627344
Kelly_77,0.06896551724137945,0.018358745822411014,0.4805393020260681,0.10526801968222521,0.398936631511136,58.33448275862068,59.77677574406128,13.69537010774291,57.29986143905657,11.369693998067376,11.0,11.125381640545491,5.131867864113407,,,-0.125,-0.6104431531512119,2.62767408592957,-0.9867204564826723,3.583476100520153
Kelly_78,0.0,-0.02897035686580951,0.4659840789896923,0.04159159586596,0.3887338741602604,60.3,61.125655170675564,13.280546251206227,59.11463951782013,11.07891541356742,11.0,11.147698744769874,5.087633885951223,,,-0.08514492753623187,-0.5340392081626842,2.386468985421767,-0.8618720960293215,3.5925991842310387
Kelly_79,0.0,-0.08582692969902193,0.5090669388215797,-0.04071362481428792,0.45108865412451493,60.3,62.74606749642212,14.508407756415021,61.460338307207195,12.856026642548676,10.0,10.705812574139976,5.0632590952542955,,,-0.125,-0.5463412524523352,2.2671050467308045,-0.719144229414121,3.0504929552626905
Kelly_80,-0.5263157894736841,-0.4971836999595289,0.4952919454753955,-0.6462714984647767,0.41108700504573875,75.3,74.46973544884656,14.11582044604876,78.71873770624613,11.715979643803557,8.0,8.799028182701653,4.75831504225925,,,-0.1751918158567775,-0.5175251134267141,1.9164219434413592,-0.38526258011410713,1.515687220748855
Kelly_81,-0.5555555555555554,-0.5244498894337858,0.47898098544678874,-0.6669329511950333,0.39545297795953743,76.13333333333333,75.2468218488629,13.65095808523351,79.30758910905843,11.270409871846816,8.0,8.681827209533267,4.755489210381004,,,-0.17857142857142858,-0.5562641407081407,2.0172760009914152,-0.38665204506937334,1.5823533471922677
Kelly_82,-0.5999999999999996,-0.5659011552928199,0.4691947333468238,-0.7410448487208812,0.34847213122452564,77.39999999999999,76.42818292584536,13.372049900384509,81.41977818854512,9.931455739898981,8.0,8.55952380952381,4.655774374611328,,,-0.16666666666666666,-0.4911266560798554,1.7814328762826537,-0.3152037158633428,1.2105001029032207
Kelly_83,-0.5925925925925926,-0.5632691036192085,0.4632300078060177,-0.7221687644455204,0.3469020085776099,77.18888888888888,76.35316945314744,13.202055222471465,80.88180978669732,9.886707244461881,8.0,8.734308736217134,4.6709337649760405,,,-0.15384615384615385,-0.4600934700102081,1.6988653849665545,-0.2688834253993688,1.0612937114012084
Kelly_84,-0.5714285714285712,-0.5409364299714807,0.47641615911658997,-0.6879185976627421,0.3860203838972316,76.58571428571427,75.7166882541872,13.577860534822774,79.90568003338814,11.0015809410711,8.0,8.685841604213085,4.7431546753119065,,,-0.16666666666666666,-0.5036455685198467,1.813203606869258,-0.3721402442394185,1.5385514258214028
Kelly_85,-0.5714285714285712,-0.5391306111236459,0.47638701624864305,-0.6830260600052769,0.39069482351805696,76.58571428571427,75.6652224170239,13.577029963086314,79.76624271015038,11.134802470264622,8.0,8.455822475570033,4.604549499119202,,,-0.18181818181818182,-0.5518867278417736,1.918987092997841,-0.4060598723543402,1.5194372719936977
Kelly_86,-0.3478260869565215,-0.3029211516669594,0.5387420266892645,-0.3821400003069723,0.46884465494400274,70.21304347826086,68.93325282250834,15.354147760643997,71.19099000874871,13.36207266590408,9.0,9.078821656050955,4.577963703129565,,,-0.2,-0.6667778253341705,2.490720146219379,-0.6118671738854057,2.7705758403387706
Kelly_87,-0.25,-0.22819424566457702,0.5413163586615232,-0.20675211847827135,0.49848617000935264,67.425,66.80353600144045,15.427516221853411,66.19243537663074,14.206855845266551,9.0,9.060580204778157,4.651654654246052,,,-0.2,-0.6881830813258438,2.8844063434133123,-0.8780888935023808,3.847300168657875
Kelly_88,-0.3478260869565215,-0.31368077790926446,0.5065934077318385,-0.3753340663190648,0.4311914469972203,70.21304347826086,69.23990217041403,14.437912120357351,70.99702089009332,12.288956239420779,9.0,9.310969335254168,4.596728689268059,,,-0.16666666666666666,-0.6088390782503046,2.277071907833701,-0.6788113369753097,2.5393678839157823
Kelly_89,-0.43478260869565233,-0.3965724913736425,0.49874041307492206,-0.4757044607530164,0.4042197537066617,72.69130434782609,71.6023160041488,14.214101772635296,73.85757713146099,11.520262980639858,9.0,9.376011620668189,4.890555340306673,,,-0.16,-0.5469585504643792,1.9778539875148682,-0.3529727335581922,1.7170893147109112
Kelly_90,-0.3636363636363633,-0.3290312231505678,0.510927266145189,-0.38800361364671915,0.44160852750773666,70.66363636363636,69.67738985979118,14.561427085137883,71.35810298893149,12.585843033970496,9.0,9.149503722084367,4.6973536259983755,,,-0.16666666666666666,-0.6088432862202982,2.3891494727831364,-0.591303569535231,2.615977830608956
Kelly_91,-0.4848484848484844,-0.4340988883043033,0.4967510297899804,-0.5560844943355944,0.3871637131665054,74.1181818181818,72.67181831667264,14.157404349014444,76.14840808856442,11.034165825245404,9.0,9.215586145648313,4.691591361481285,,,-0.13333333333333333,-0.49196602050843224,1.8728827456909536,-0.30215775706159886,1.6187749247694088
Kelly_92,-0.09090909090909083,-0.12915521514405587,0.494873069183747,-0.03291873752194178,0.4203243751857127,62.89090909090908,63.98092363160559,14.103882471736803,61.23818401937534,11.979244692792813,8.0,9.153329891584924,4.92145699701913,,,-0.25,-0.8463256691629165,2.94186028370208,-1.6400313351778735,4.165374259757223
Kelly_93,-0.0740740740740744,-0.1051005844971644,0.5089300953975842,0.0023820923210479705,0.4369838661028709,62.41111111111112,63.295366658169186,14.504507718831162,60.23211036885012,12.45404018393182,9.0,9.621569571497352,5.228123843483557,,,-0.2,-0.7536340580925455,2.8990794999121787,-1.2601432186717225,4.117421001594924
Kelly_94,0.09523809523809534,0.045574847642225004,0.508167116012755,0.15457663165866212,0.4096398544622196,57.58571428571428,59.00111684219659,14.482762806363516,55.89456599772813,11.67473585217326,10.0,10.36431989063568,5.272052968352146,,,-0.15384615384615385,-0.6975722014903478,3.147182560808285,-1.403368680985583,4.448731369643269
Kelly_95,0.06451612903225801,0.009431402928768508,0.5140431059126834,0.11466633365030036,0.43314348750040843,58.461290322580645,60.03120501653009,14.650228518511465,57.03200949096644,12.34458939376164,10.0,10.464748517461015,5.26858982028697,,,-0.15384615384615385,-0.6692756426154676,3.021759581249439,-1.2011917716669938,4.192842702420883
Kelly_96,0.0,-0.006574428549729317,0.4974504304393098,0.09346313032490382,0.41047802089750285,60.3,60.48737121366729,14.177337267520336,57.63630078574024,11.69862359557883,9.0,10.073392181588902,5.188856210937964,,,-0.17647058823529413,-0.7444129557792042,2.964074483000363,-1.4028580055917825,4.201392192578421
Kelly_97,0.125,0.07388287374363078,0.5071996471873665,0.19509617252855663,0.4130462777050579,56.7375,58.19433809830652,14.455189944839955,54.73975908293613,11.771818914594151,10.0,10.531128907259106,5.285052760259587,,,-0.125,-0.6629077510956464,3.219911755735884,-1.3127650879101243,4.594368634031185
Kelly_98,0.0,-0.0216688396366715,0.4720338849311991,0.09280577245058075,0.37672521007485693,60.3,60.91756192964513,13.452965720539195,57.65503548515846,10.736668487133423,10.0,10.564831993403422,5.180342709239415,,,-0.16666666666666666,-0.6806845662205125,2.647862517301882,-1.5244625198935327,4.338174825293214
Kelly_99,0.0,-0.0165682677915597,0.4632497130281381,0.08665539713407468,0.3687765870337954,60.3,60.77219563205945,13.202616821301918,57.83032118167886,10.510132730463171,10.0,10.641664905979294,5.124656219641866,,,-0.13333333333333333,-0.6174689857811878,2.668256970709296,-1.2046835633088666,4.220049650937681
