SampleID,Name,Litter,Pickup_t,Plot,Temp,CO2,percent_mass,percent_C,percent_N,percent_P,percent_carbs,percent_aromatics
Kelly_01,LTL_T0_None_None,LTL,T_0,None,None,None,100,53,1.16,0.109,25.07,25.55
Kelly_02,LTL_T_0_None_None,LTL,T_0,None,None,None,100,53.4,1.28,0.108,25.07,25.55
Kelly_03,LTL_T_0_None_None,LTL,T_0,None,None,None,100,53.3,1.33,0.113,25.07,25.55
Kelly_04,LTL_T_0_None_None,LTL,T_0,None,None,None,100,54.4,1.26,0.113,25.07,25.55
Kelly_05,LTL_T_0_None_None,LTL,T_0,None,None,None,100,53.5,1.25,0.111,25.07,25.55
Kelly_06,LTL_T_0_None_None,LTL,T_0,None,None,None,100,53.1,1.34,0.11,25.07,25.55
Kelly_07,LTL_T_0_None_None,LTL,T_0,None,None,None,100,53.3,1.34,0.105,25.07,25.55
Kelly_08,LTL_T_0_None_None,LTL,T_0,None,None,None,100,53,1.31,0.106,25.07,25.55
Kelly_09,LTL_T_0_None_None,LTL,T_0,None,None,None,100,53,1.24,0.103,25.07,25.55
Kelly_10,LTL_T_0_None_None,LTL,T_0,None,None,None,100,53.1,1.18,0.102,25.07,25.55
Kelly_11,LTR_T_0_None_None,LTR,T_0,None,None,None,100,50.6,0.88,0.086,25.07,25.55
Kelly_12,LTR_T_0_None_None,LTR,T_0,None,None,None,100,51.7,0.88,0.094,39.31,28.17
Kelly_13,LTR_T_0_None_None,LTR,T_0,None,None,None,100,51.6,0.82,0.091,39.31,28.17
Kelly_14,LTR_T_0_None_None,LTR,T_0,None,None,None,100,51.8,0.89,0.091,39.31,28.17
Kelly_15,LTR_T_0_None_None,LTR,T_0,None,None,None,100,52.2,0.89,0.098,39.31,28.17
Kelly_16,LTR_T_0_None_None,LTR,T_0,None,None,None,100,51.5,0.81,0.093,39.31,28.17
Kelly_17,LTR_T_0_None_None,LTR,T_0,None,None,None,100,51.7,0.93,0.1,39.31,28.17
Kelly_18,LTR_T_0_None_None,LTR,T_0,None,None,None,100,51.8,1,0.101,39.31,28.17
Kelly_19,LTR_T_0_None_None,LTR,T_0,None,None,None,100,51.6,0.93,0.11,39.31,28.17
Kelly_20,LTR_T_0_None_None,LTR,T_0,None,None,None,100,51.8,0.92,0.094,39.31,28.17
Kelly_21,ANG_T_0_None_None,ANG,T_0,None,None,None,100,45.1,0.64,0.067,44.74,21.56
Kelly_22,ANG_T_0_None_None,ANG,T_0,None,None,None,100,45,0.57,0.056,44.74,21.56
Kelly_23,ANG_T_0_None_None,ANG,T_0,None,None,None,100,45.6,0.59,0.053,44.74,21.56
Kelly_24,ANG_T_0_None_None,ANG,T_0,None,None,None,100,45.3,0.61,0.057,44.74,21.56
Kelly_25,ANG_T_0_None_None,ANG,T_0,None,None,None,100,45,0.54,0.053,44.74,21.56
Kelly_26,ANG_T_0_None_None,ANG,T_0,None,None,None,100,45.1,0.59,0.064,44.74,21.56
Kelly_27,ANG_T_0_None_None,ANG,T_0,None,None,None,100,45.8,0.58,0.059,44.74,21.56
Kelly_28,ANG_T_0_None_None,ANG,T_0,None,None,None,100,45.4,0.61,0.059,44.74,21.56
Kelly_29,ANG_T_0_None_None,ANG,T_0,None,None,None,100,45.6,0.61,0.065,44.74,21.56
Kelly_30,ANG_T_0_None_None,ANG,T_0,None,None,None,100,45.8,0.64,0.06,44.74,21.56
Kelly_31,MAG_T_0_None_None,MAG,T_0,None,None,None,100,45.7,0.79,0.08,44.97,23.8
Kelly_32,MAG_T_0_None_None,MAG,T_0,None,None,None,100,47,0.86,0.083,44.97,23.8
Kelly_33,MAG_T_0_None_None,MAG,T_0,None,None,None,100,46.6,0.82,0.091,44.97,23.8
Kelly_34,MAG_T_0_None_None,MAG,T_0,None,None,None,100,46.8,0.9,0.104,44.97,23.8
Kelly_35,MAG_T_0_None_None,MAG,T_0,None,None,None,100,46.7,0.88,0.095,44.97,23.8
Kelly_36,MAG_T_0_None_None,MAG,T_0,None,None,None,100,46.9,0.83,0.081,44.97,23.8
Kelly_37,MAG_T_0_None_None,MAG,T_0,None,None,None,100,46.9,0.79,0.076,44.97,23.8
Kelly_38,MAG_T_0_None_None,MAG,T_0,None,None,None,100,47.4,0.89,0.081,44.97,23.8
Kelly_39,MAG_T_0_None_None,MAG,T_0,None,None,None,100,47.2,0.88,0.083,44.97,23.8
Kelly_40,MAG_T_0_None_None,MAG,T_0,None,None,None,100,47.4,0.85,0.079,44.97,23.8
Kelly_41,MAG_T_0_None_None,MAG,T_0,None,None,None,100,52.3,0.74,0.117,31.57,26
Kelly_42,SPL_T_0_None_None,SPL,T_0,None,None,None,100,52.3,0.74,0.117,31.57,26
Kelly_43,SPL_T_0_None_None,SPL,T_0,None,None,None,100,52.1,0.73,0.114,31.57,26
Kelly_44,SPL_T_0_None_None,SPL,T_0,None,None,None,100,52.2,0.72,0.113,31.57,26
Kelly_45,SPL_T_0_None_None,SPL,T_0,None,None,None,100,52.1,0.78,0.114,31.57,26
Kelly_46,SPL_T_0_None_None,SPL,T_0,None,None,None,100,52.1,0.74,0.114,31.57,26
Kelly_47,SPL_T_0_None_None,SPL,T_0,None,None,None,100,52.1,0.73,0.112,31.57,26
Kelly_48,SPL_T_0_None_None,SPL,T_0,None,None,None,100,52.2,0.73,0.115,31.57,26
Kelly_49,SPL_T_0_None_None,SPL,T_0,None,None,None,100,52,0.73,0.116,31.57,26
Kelly_50,SPL_T_0_None_None,SPL,T_0,None,None,None,100,52.2,0.71,0.115,31.57,26
Kelly_51,SPL_T_0_None_None,SPL,T_0,None,None,None,100,52.1,0.78,0.117,31.57,26
Kelly_52,SPR_T_0_None_None,SPR,T_0,None,None,None,100,50.8,0.77,0.108,33.52,30.78
Kelly_53,SPR_T_0_None_None,SPR,T_0,None,None,None,100,51.9,0.75,0.105,33.52,30.78
Kelly_54,SPR_T_0_None_None,SPR,T_0,None,None,None,100,51.4,0.79,0.113,33.52,30.78
Kelly_55,SPR_T_0_None_None,SPR,T_0,None,None,None,100,51.1,0.76,0.117,33.52,30.78
Kelly_56,SPR_T_0_None_None,SPR,T_0,None,None,None,100,51.3,0.88,0.122,33.52,30.78
Kelly_57,SPR_T_0_None_None,SPR,T_0,None,None,None,100,51.4,0.76,0.114,33.52,30.78
Kelly_58,SPR_T_0_None_None,SPR,T_0,None,None,None,100,51.5,0.76,0.103,33.52,30.78
Kelly_59,SPR_T_0_None_None,SPR,T_0,None,None,None,100,51.9,0.83,0.116,33.52,30.78
Kelly_60,SPR_T_0_None_None,SPR,T_0,None,None,None,100,52.3,0.81,0.119,33.52,30.78
Kelly_61,SPR_T_0_None_None,SPR,T_0,None,None,None,100,52.1,0.91,0.123,33.52,30.78
Kelly_62,LTL_T_0.5_0_aCO2,LTL,T_0.5,6,0,aCO2,78.3,55.1,1.57,0.113,25.39,22.72
Kelly_63,LTL_T_0.5_0_eCO2,LTL,T_0.5,19,0,eCO2,74.4,55.6,1.75,0.128,,
Kelly_64,LTL_T_0.5_4.5_aCO2,LTL,T_0.5,13,4.5,aCO2,74.1,55.4,1.6,0.142,,
Kelly_65,LTL_T_0.5_4.5_eCO2,LTL,T_0.5,4,4.5,eCO2,81.5,54.5,1.48,0.119,,
Kelly_66,LTL_T_0.5_9_aCO2,LTL,T_0.5,17,9,aCO2,70.2,55.4,1.75,0.135,21.11,25.2
Kelly_67,LTL_T_0.5_9_eCO2,LTL,T_0.5,10,9,eCO2,78.1,54.8,1.59,0.124,,
Kelly_68,ANG_T_0.5_0_aCO2,ANG,T_0.5,6,0,aCO2,84.1,45.5,0.69,0.057,48.91,22.53
Kelly_69,ANG_T_0.5_0_eCO2,ANG,T_0.5,19,0,eCO2,82.8,45.7,0.65,0.08,,
Kelly_70,ANG_T_0.5_4.5_aCO2,ANG,T_0.5,13,4.5,aCO2,80.1,46.1,0.66,0.064,,
Kelly_71,ANG_T_0.5_4.5_eCO2,ANG,T_0.5,4,4.5,eCO2,84.1,46,0.76,0.071,,
Kelly_72,ANG_T_0.5_9_aCO2,ANG,T_0.5,17,9,aCO2,76.3,45.5,0.7,0.071,45.1,22.21
Kelly_73,ANG_T_0.5_9_eCO2,ANG,T_0.5,10,9,eCO2,79.8,45.8,0.7,0.067,,
Kelly_74,MAG_T_0.5_0_aCO2,MAG,T_0.5,6,0,aCO2,86,46,0.75,0.064,44.44,22.26
Kelly_75,MAG_T_0.5_0_eCO2,MAG,T_0.5,19,0,eCO2,87.3,45.8,0.87,0.072,,
Kelly_76,MAG_T_0.5_4.5_aCO2,MAG,T_0.5,13,4.5,aCO2,82.7,46.2,0.82,0.072,,
Kelly_77,MAG_T_0.5_4.5_eCO2,MAG,T_0.5,4,4.5,eCO2,84.1,45.8,0.86,0.064,,
Kelly_78,MAG_T_0.5_9_aCO2,MAG,T_0.5,17,9,aCO2,86.6,46,0.87,0.059,45,23.25
Kelly_79,MAG_T_0.5_9_eCO2,MAG,T_0.5,10,9,eCO2,85,46.1,0.87,0.067,,
Kelly_80,SPL_T_0.5_0_aCO2,SPL,T_0.5,6,0,aCO2,76.5,52.5,0.96,0.095,37.19,29.52
Kelly_81,SPL_T_0.5_0_eCO2,SPL,T_0.5,19,0,eCO2,72.9,52.6,1.01,0.077,,
Kelly_82,SPL_T_0.5_4.5_aCO2,SPL,T_0.5,13,4.5,aCO2,72.6,52.5,1.03,0.101,,
Kelly_83,SPL_T_0.5_4.5_eCO2,SPL,T_0.5,4,4.5,eCO2,73.9,52.6,1.04,0.1,,
Kelly_84,SPL_T_0.5_9_aCO2,SPL,T_0.5,17,9,aCO2,70.2,53.2,1.05,0.112,34.89,31.32
Kelly_85,SPL_T_0.5_9_eCO2,SPL,T_0.5,10,9,eCO2,70.6,52.6,1.11,0.108,,
Kelly_86,LTL_T_1_0_aCO2,LTL,T_1,6,0,aCO2,57,51.2,1.9,0.114,36.07,24.31
Kelly_87,LTL_T_1_0_eCO2,LTL,T_1,19,0,eCO2,64.6,52.6,1.95,0.133,,
Kelly_88,LTL_T_1_4.5_aCO2,LTL,T_1,13,4.5,aCO2,47.1,50.4,1.73,0.106,,
Kelly_89,LTL_T_1_4.5_eCO2,LTL,T_1,4,4.5,eCO2,66.2,51.6,1.67,0.109,,
Kelly_90,LTL_T_1_9_aCO2,LTL,T_1,17,9,aCO2,52.3,49.8,2.07,0.139,25.38,26.21
Kelly_91,LTL_T_1_9_eCO2,LTL,T_1,10,9,eCO2,56.9,51.3,1.83,0.116,,
Kelly_92,LTR_T_1_0_aCO2,LTR,T_1,6,0,aCO2,76.8,,,0.065,,
Kelly_93,LTR_T_1_0_eCO2,LTR,T_1,19,0,eCO2,75,,,0.054,,
Kelly_94,LTR_T_1_4.5_aCO2,LTR,T_1,13,4.5,aCO2,68.5,,,0.093,,
Kelly_95,LTR_T_1_4.5_eCO2,LTR,T_1,4,4.5,eCO2,64.2,,,0.121,,
Kelly_96,LTR_T_1_9_aCO2,LTR,T_1,17,9,aCO2,73.9,,,0.066,,
Kelly_97,LTR_T_1_9_eCO2,LTR,T_1,10,9,eCO2,52.2,,,0.069,,
Kelly_98,ANG_T_1_0_aCO2,ANG,T_1,6,0,aCO2,65.3,45.4,0.7,0.056,56.18,22.05
Kelly_99,ANG_T_1_0_eCO2,ANG,T_1,19,0,eCO2,66.9,46,0.82,0.06,,
Kelly_100,ANG_T_1_4.5_aCO2,ANG,T_1,13,4.5,aCO2,50.8,45.4,1.04,0.085,,
Kelly_101,ANG_T_1_4.5_eCO2,ANG,T_1,4,4.5,eCO2,55.8,41,0.74,0.053,,
Kelly_102,ANG_T_1_9_aCO2,ANG,T_1,17,9,aCO2,53.4,45.8,0.91,0.07,62.72,21.73
Kelly_103,ANG_T_1_9_eCO2,ANG,T_1,10,9,eCO2,71.6,44.5,0.68,0.048,,
Kelly_104,MAG_T_1_0_aCO2,MAG,T_1,6,0,aCO2,75.5,,,0.067,49.21,21.63
Kelly_105,MAG_T_1_0_eCO2,MAG,T_1,19,0,eCO2,80.5,,,0.068,,
Kelly_106,MAG_T_1_4.5_aCO2,MAG,T_1,13,4.5,aCO2,69.5,,,0.062,,
Kelly_107,MAG_T_1_4.5_eCO2,MAG,T_1,4,4.5,eCO2,73.3,,,0.061,,
Kelly_108,MAG_T_1_9_aCO2,MAG,T_1,17,9,aCO2,67.8,,,0.09,50.26,23.05
Kelly_109,MAG_T_1_9_eCO2,MAG,T_1,10,9,eCO2,76.2,,,0.071,,
Kelly_110,SPL_T_1_0_aCO2,SPL,T_1,6,0,aCO2,58,51,1.15,0.083,28.39,28.47
Kelly_111,SPL_T_1_0_eCO2,SPL,T_1,19,0,eCO2,62,50.9,1.12,,,
Kelly_112,SPL_T_1_4.5_aCO2,SPL,T_1,13,4.5,aCO2,52.3,49.9,1.35,0.105,,
Kelly_113,SPL_T_1_4.5_eCO2,SPL,T_1,4,4.5,eCO2,60.5,49.9,1.18,0.09,,
Kelly_114,SPL_T_1_9_aCO2,SPL,T_1,17,9,aCO2,54.9,50.7,1.31,0.1,29.97,29.63
Kelly_115,SPL_T_1_9_eCO2,SPL,T_1,10,9,eCO2,59.4,49.7,1.19,0.098,,
Kelly_116,SPR_T_1_0_aCO2,SPR,T_1,6,0,aCO2,69.3,,,0.059,,
Kelly_117,SPR_T_1_0_eCO2,SPR,T_1,19,0,eCO2,71.8,,,,,
Kelly_118,SPR_T_1_4.5_aCO2,SPR,T_1,13,4.5,aCO2,63.5,,,0.065,,
Kelly_119,SPR_T_1_4.5_eCO2,SPR,T_1,4,4.5,eCO2,66.2,,,0.076,,
Kelly_120,SPR_T_1_9_aCO2,SPR,T_1,17,9,aCO2,63,,,,,
Kelly_121,SPR_T_1_9_eCO2,SPR,T_1,10,9,eCO2,60.8,,,0.066,,
Kelly_122,LTL_T_2_0_aCO2,LTL,T_2,6,0,aCO2,41.9,,,,26.28,25.67
Kelly_123,LTL_T_2_0_eCO2,LTL,T_2,19,0,eCO2,55.4,,,,,
Kelly_124,LTL_T_2_4.5_aCO2,LTL,T_2,13,4.5,aCO2,36.5,,,,,
Kelly_125,LTL_T_2_4.5_eCO2,LTL,T_2,4,4.5,eCO2,49.5,,,,,
Kelly_126,LTL_T_2_9_aCO2,LTL,T_2,17,9,aCO2,27.5,,,,26.48,26.59
Kelly_127,LTL_T_2_9_eCO2,LTL,T_2,10,9,eCO2,39.2,,,,,
Kelly_128,LTR_T_2_0_aCO2,LTR,T_2,6,0,aCO2,66.5,,,,,
Kelly_129,LTR_T_2_0_eCO2,LTR,T_2,19,0,eCO2,74.7,,,,,
Kelly_130,LTR_T_2_4.5_aCO2,LTR,T_2,13,4.5,aCO2,50.2,,,,,
Kelly_131,LTR_T_2_4.5_eCO2,LTR,T_2,4,4.5,eCO2,42.5,,,,,
Kelly_132,LTR_T_2_9_aCO2,LTR,T_2,17,9,aCO2,58.5,,,,,
Kelly_133,LTR_T_2_9_eCO2,LTR,T_2,10,9,eCO2,46.8,,,,,
Kelly_134,ANG_T_2_0_aCO2,ANG,T_2,6,0,aCO2,49.5,,,,57.25,21.79
Kelly_135,ANG_T_2_0_eCO2,ANG,T_2,19,0,eCO2,78.1,,,,,
Kelly_136,ANG_T_2_4.5_aCO2,ANG,T_2,13,4.5,aCO2,47.1,,,,,
Kelly_137,ANG_T_2_4.5_eCO2,ANG,T_2,4,4.5,eCO2,49.9,,,,,
Kelly_138,ANG_T_2_9_aCO2,ANG,T_2,17,9,aCO2,48.1,,,,54.25,23
Kelly_139,ANG_T_2_9_eCO2,ANG,T_2,10,9,eCO2,62.6,,,,,
Kelly_140,MAG_T_2_0_aCO2,MAG,T_2,6,0,aCO2,68.6,,,,52.03,22.34
Kelly_141,MAG_T_2_0_eCO2,MAG,T_2,19,0,eCO2,89.4,,,,,
Kelly_142,MAG_T_2_4.5_aCO2,MAG,T_2,13,4.5,aCO2,67.5,,,,,
Kelly_143,MAG_T_2_4.5_eCO2,MAG,T_2,4,4.5,eCO2,94.9,,,,,
Kelly_144,MAG_T_2_9_aCO2,MAG,T_2,17,9,aCO2,77.3,,,,51.68,22.78
Kelly_145,MAG_T_2_9_eCO2,MAG,T_2,10,9,eCO2,82.6,,,,,
Kelly_146,SPL_T_2_0_aCO2,SPL,T_2,6,0,aCO2,48.4,,,,23.56,27.37
Kelly_147,SPL_T_2_0_eCO2,SPL,T_2,19,0,eCO2,58.3,,,,,
Kelly_148,SPL_T_2_4.5_aCO2,SPL,T_2,13,4.5,aCO2,42.6,,,,,
Kelly_149,SPL_T_2_4.5_eCO2,SPL,T_2,4,4.5,eCO2,33.5,,,,,
Kelly_150,SPL_T_2_9_aCO2,SPL,T_2,17,9,aCO2,41.5,,,,27.55,27.98
Kelly_151,SPL_T_2_9_eCO2,SPL,T_2,10,9,eCO2,36,,,,,
Kelly_152,SPR_T_2_0_aCO2,SPR,T_2,6,0,aCO2,66.4,,,,,
Kelly_153,SPR_T_2_0_eCO2,SPR,T_2,19,0,eCO2,72,,,,,
Kelly_154,SPR_T_2_4.5_aCO2,SPR,T_2,13,4.5,aCO2,59.3,,,,,
Kelly_155,SPR_T_2_4.5_eCO2,SPR,T_2,4,4.5,eCO2,60.9,,,,,
Kelly_156,SPR_T_2_9_aCO2,SPR,T_2,17,9,aCO2,50.2,,,,,
Kelly_157,SPR_T_2_9_eCO2,SPR,T_2,10,9,eCO2,51.6,,,,,
