SampleID,Pickup_t,Mass_189.076829692308,Mass_201.076826705426,Mass_203.092493834951,Mass_231.087438281818,Mass_233.103053909091,Mass_247.082274576923,Mass_260.077537375,Mass_261.097975072289,Mass_264.108861190476,Mass_273.09801369403,Mass_274.09323675,Mass_275.113659795918,Mass_277.129328388889,Mass_289.092917981308,Mass_293.124219657534,Mass_295.139909894737,Mass_303.10858887234,Mass_304.103788466667,Mass_305.124199431818,Mass_307.139839247059,Mass_317.124190397436,Mass_319.103485266667,Mass_319.139872295302,Mass_321.1190735625,Mass_321.155475926667,Mass_323.134744827586,Mass_323.171162322581,Mass_325.150438351064,Mass_333.119136154839,Mass_335.134787797203,Mass_337.150380328125,Mass_339.165999842592,Mass_346.114334233333,Mass_347.090222192308,Mass_347.134742238709,Mass_349.125202722222,Mass_349.150406,Mass_351.140868666667,Mass_351.166083462585,Mass_353.18167643,Mass_359.13475,Mass_360.130009178571,Mass_361.150435407643,Mass_363.129660305195,Mass_363.166082205479,Mass_365.145265700637,Mass_365.181714849624,Mass_366.17697,Mass_367.160959471338,Mass_367.197363076923,Mass_369.132079413793,Mass_369.176610303571,Mass_375.129656140127,Mass_377.100739890909,Mass_377.145332539007,Mass_378.140567153846,Mass_379.116407963415,Mass_379.160955555556,Mass_380.1925142,Mass_381.132104149425,Mass_381.176589813008,Mass_383.19225510989,Mass_389.145325634615,Mass_391.124568299363,Mass_391.1358176875,Mass_391.160989243421,Mass_393.09562530303,Mass_393.140238467533,Mass_393.176604021898,Mass_395.155876622047,Mass_395.192227733333,Mass_397.126938360825,Mass_397.171486335878,Mass_397.20789265625,Mass_399.142616673469,Mass_399.178931342105,Mass_403.160944312102,Mass_405.140244680556,Mass_405.176631388535,Mass_407.155843640523,Mass_407.19226027972,Mass_409.171536880597,Mass_409.207917945055,Mass_411.142551353846,Mass_411.187156340426,Mass_418.171879631579,Mass_419.130754357143,Mass_419.155876528662,Mass_421.171506348684,Mass_423.142667113208,Mass_423.187200033113,Mass_425.202851208333,Mass_427.127923702703,Mass_427.137467894737,Mass_429.153153148148,Mass_433.171578967742,Mass_434.166781474576,Mass_435.142606916667,Mass_435.150815974522,Mass_435.187200136363,Mass_437.15823982,Mass_437.166442532051,Mass_437.202843486957,Mass_439.173848067164,Mass_439.182056640845,Mass_439.218454984375,Mass_441.179948083333,Mass_441.189509633094,Mass_441.197742903846,Mass_443.205175153846,Mass_449.12186392,Mass_449.166414888889,Mass_451.137576949153,Mass_451.1820684,Mass_453.15318491954,Mass_453.197730804511,Mass_455.168823011364,Mass_455.213412447368,Mass_457.18444228,Mass_461.16640177707,Mass_463.182080802548,Mass_465.161403359477,Mass_465.197800541096,Mass_467.176986304054,Mass_467.213361353448,Mass_469.148057111111,Mass_469.192636039474,Mass_469.229062824324,Mass_471.119068692308,Mass_471.163713885246,Mass_471.208341785714,Mass_474.172951185185,Mass_475.182120630573,Mass_477.161363738854,Mass_477.1725755,Mass_477.197730846154,Mass_479.176964333333,Mass_479.213391650685,Mass_481.192694175676,Mass_481.229101429825,Mass_483.208295093525,Mass_485.179358538462,Mass_485.223966251908,Mass_491.176958057325,Mass_492.172216,Mass_492.183452657895,Mass_493.156247324841,Mass_493.192664146497,Mass_495.1637829,Mass_495.171865717106,Mass_495.183184714286,Mass_495.208284557047,Mass_497.17938625,Mass_497.187529213793,Mass_497.223914775,Mass_499.203286509554,Mass_499.239624063063,Mass_501.210774857143,Mass_501.218854068702,Mass_505.19271988535,Mass_506.138456435114,Mass_506.162765,Mass_507.171937152866,Mass_507.208299,Mass_509.187593655629,Mass_509.223961856061,Mass_511.19507073494,Mass_511.203269615384,Mass_511.239673440367,Mass_513.210652850746,Mass_513.218828225165,Mass_513.255243173333,Mass_515.189905285714,Mass_515.234486055046,Mass_516.122891610619,Mass_519.2083037,Mass_521.187603782946,Mass_521.224015469388,Mass_522.182823236842,Mass_523.203254649682,Mass_523.239646416667,Mass_525.137963605263,Mass_525.218871932886,Mass_525.255252776316,Mass_527.234477401515,Mass_529.250081551724,Mass_535.203161428572,Mass_537.182485662252,Mass_537.218902114094,Mass_538.2142405,Mass_539.1439696,Mass_539.198178697986,Mass_539.234556258333,Mass_541.213819779221,Mass_541.250189438202,Mass_543.175276049999,Mass_543.229481265735,Mass_545.245126478261,Mass_547.203170217949,Mass_549.218872348993,Mass_551.198076930556,Mass_551.234516965753,Mass_552.19341873913,Mass_553.213784176057,Mass_553.250142830508,Mass_555.229342844445,Mass_555.265747247059,Mass_557.245065220339,Mass_558.240332333333,Mass_561.218897647436,Mass_563.198191038961,Mass_563.234561389262,Mass_564.19340535,Mass_565.213850771812,Mass_565.250244052238,Mass_567.192997013793,Mass_567.229434306123,Mass_567.265862875,Mass_569.208592728571,Mass_569.244983936,Mass_569.281405532258,Mass_571.224356271318,Mass_571.260689552632,Mass_573.239957616162,Mass_573.2763646,Mass_577.213730346939,Mass_578.2088948,Mass_579.193063531034,Mass_579.229457546762,Mass_581.208682948905,Mass_581.245023704,Mass_583.224277835714,Mass_583.260658783019,Mass_584.292368227273,Mass_585.239941333334,Mass_587.25560968254,Mass_591.229384141892,Mass_593.208636468085,Mass_593.244997147887,Mass_594.154378822034,Mass_595.224372304965,Mass_595.260744055556,Mass_596.219490875,Mass_597.107774666667,Mass_597.240048757813,Mass_597.276483792079,Mass_599.255543718446,Mass_605.245137234899,Mass_607.224296887324,Mass_607.260678451852,Mass_608.133701409639,Mass_609.203508607692,Mass_609.239960511451,Mass_609.276392951219,Mass_611.219306120968,Mass_611.255696579832,Mass_611.292068515152,Mass_613.234941457627,Mass_613.271300269663,Mass_615.250478693878,Mass_617.30250475,Mass_621.23994893007,Mass_623.219201897059,Mass_623.255589207692,Mass_624.164854106383,Mass_625.234971358333,Mass_625.271287889909,Mass_627.25062963063,Mass_627.2869786,Mass_629.266328972603,Mass_633.240031575,Mass_635.255697229508,Mass_636.201285137931,Mass_637.190463607143,Mass_637.234862847826,Mass_637.271256720721,Mass_639.214245107143,Mass_639.242283166667,Mass_639.250654626866,Mass_639.287016568421,Mass_641.229759893617,Mass_641.248422681818,Mass_641.25806155,Mass_641.266132959349,Mass_641.302517355263,Mass_643.245537044944,Mass_643.281927367089,Mass_645.128832111111,Mass_645.261159197531,Mass_645.289425785714,Mass_646.112987460317,Mass_647.255579327869,Mass_649.234927070175,Mass_649.271369716814,Mass_651.250671887931,Mass_651.287044050505,Mass_652.159784298246,Mass_652.167617,Mass_652.196212965116,Mass_653.229816735714,Mass_653.266163165138,Mass_653.3025149,Mass_655.245337866667,Mass_655.281737054945,Mass_657.253042266667,Mass_657.261030323809,Mass_657.297447163935,Mass_659.258953888889,Mass_659.268600166667,Mass_659.276691206349,Mass_661.328854,Mass_663.25048777,Mass_664.196479931819,Mass_665.229692538461,Mass_665.230033,Mass_665.266105092784,Mass_667.245339063158,Mass_667.281727211111,Mass_668.227781018182,Mass_669.261068957895,Mass_669.297460027027,Mass_670.149330185714,Mass_671.276798865169,Mass_672.128607857143,Mass_672.164999844828,Mass_677.266075618557,Mass_678.139066413793,Mass_679.24559058427,Mass_679.281933287234,Mass_680.154741405405,Mass_680.191229108108,Mass_681.224728808989,Mass_681.261146,Mass_681.297579663366,Mass_682.1705016,Mass_683.240349576923,Mass_683.27670295,Mass_683.313052825688,Mass_684.185993766667,Mass_685.256175229885,Mass_685.292557038461,Mass_685.328909858491,Mass_687.271523185185,Mass_687.344366416667,Mass_689.287492306123,Mass_692.154785571429,Mass_693.261214046512,Mass_695.240391568966,Mass_695.276736516854,Mass_696.18594485,Mass_697.292357933333,Mass_699.271863484375,Mass_699.308276404494,Mass_701.323653964912,Mass_702.139205116279,Mass_707.276878361111,Mass_708.186244944444,Mass_709.256140673469,Mass_709.292447571428,Mass_710.201607714286,Mass_711.307934208333,Mass_713.287259133333,Mass_713.323615214286,Mass_719.276737794872,Mass_721.292415085714,Mass_723.308130408451,Mass_725.323741734375,Mass_727.3393054,Mass_729.282111058824,Mass_735.271824551021,Mass_737.287497867924,Mass_738.196506666667,Mass_739.302904240741,Mass_744.14997675,Mass_746.165321777778,Mass_746.201758473684,Mass_747.292729605263,Mass_751.303182790698,Mass_753.318435403226,Mass_755.334405890625,Mass_756.186274177778,Mass_757.349900815789,Mass_767.21032,Mass_769.225900125,Mass_769.313458902439,Mass_771.3292743125,Mass_772.181088466667,Mass_774.160431230769,Mass_774.196884529412,Mass_776.175857942857,Mass_776.212174136364,Mass_790.191477444445,Mass_792.207514388889,Mass_794.2230465,Mass_800.175841076923,Mass_806.223088333333,Mass_811.2463295,Mass_813.252028024,Mass_816.207233875,Mass_818.223024,Mass_822.2176966,Mass_830.186417,Mass_831.3866486,Mass_834.181327666667,Mass_834.217744478261,Mass_846.2176783,Mass_855.263034083333,Mass_871.257579837838,Mass_873.23692825,Mass_876.228147666667,Mass_883.257723333333,Mass_894.202384333333,Mass_903.283697454546,Mass_913.268028,Mass_915.283736133333,Mass_955.278991666667,Mass_961.289496428572,Mass_969.294638857143,Mass_985.289551012659,Mass_1001.2845973125,Mass_1015.29980328571,Mass_1049.3416886,Mass_1065.3366775,Mass_1079.3525885
Kelly_104,T_1,0,0,1372661.5,1562251.8,0,0,0,1023221.2,0,1445011.9,0,2045475.1,0,1047320.2,0,0,1467436.8,0,0,0,2375360.5,1522010.6,1325794.4,0,1531417.6,0,0,0,1168820.1,1066200.8,0,1095102.9,0,0,1633595.1,0,1866888.3,0,1466325.6,0,3072725.3,0,2712846,1994292.6,1860158.8,1642843.6,1478757.5,0,2394999.3,0,0,0,2281547.5,0,0,0,0,1307639.5,0,0,0,0,2644854.8,2490131.5,0,1756955,0,1139763.8,1331131.3,1511761,0,0,1636588,0,0,0,2743470.5,2118723.3,2292810.8,1584610.1,1314281.6,0,0,0,0,0,0,2434549.3,2129601.8,0,1738648.9,0,0,0,0,2391409,0,0,1900176,1387674.1,0,2977736.3,0,0,0,0,0,0,2979428.8,0,0,2445849.5,0,1828778,0,0,0,0,0,4110815.5,2260639.5,1789016.3,2066277.1,1694498.4,0,0,1375088.6,0,0,0,0,0,5007703.5,7929889.5,0,2581038.8,2060537.1,1497606.3,1440464.5,0,1424806.8,0,3065723.5,5646278.5,0,0,14096001,2762893.3,0,2203970.3,0,2016078.8,0,1954813.8,1521674.3,3073202.8,1371711.3,0,1953121.3,2993302,2480591,0,4428067.5,2513711.5,2406325.8,1777089.5,1391421.8,3312192.5,0,0,3800259.5,0,0,0,4744276.5,3235852.3,2863716.8,2800239.8,1608847.6,1978559.9,0,5768955,2470162.8,0,1668956.8,2693022,2363410,3112997.5,2713135.3,0,0,2188857.3,1580098.6,3054147,0,2570293.5,2612291.3,1665593.4,2937879.5,2146297.5,2272200.8,2377681.3,0,1850262,0,2021208.5,0,1842960.1,0,3159122.5,3912674.3,2319337.5,0,2545519.3,2043766.4,2740972,2443507,0,2189927,1718637.9,0,0,0,0,1646924.6,1733121.1,0,4402005.5,2650971.8,2116268,0,3073023,0,0,4081487,0,2805035.5,3301489.3,2203255.3,3326221.3,2821053.8,1716675.9,0,0,2087691.8,0,0,2430551.3,2490801,1545143.4,3524177.8,3617552.5,1731863,0,1537660.9,1638275.5,0,1666544.6,0,0,0,1891339,2415526,1810861.6,0,0,0,1456397.3,0,0,1777763.9,0,0,0,2952728.5,0,3181558.5,0,2922495.5,0,1485793.8,0,0,2135530.5,0,0,0,0,0,0,2629779.8,1913774.1,2278807.8,0,1659786.1,0,2047082.3,0,0,4895090,0,0,2686304,0,0,1854282.9,0,0,0,0,0,0,0,1701035,0,0,1733494.4,0,0,0,0,3817724,0,3207847.8,4720303.5,1542343,1903729.6,1918022.1,0,0,0,2152886.8,0,0,2714209.5,0,0,2440491,0,1643124.9,0,1755520.9,0,0,0,2390144.5,1540883.6,0,0,0,0,0,0,0,2640144.3,0,1857857,0,0,0,0,0,0,0,0,0,0,0,0,0,0,0,0,1995124.9,2652197.5,1552936.9,0,0,0,0,0,0,0,0,0,0,1917528.3,2007918.6,2189171.8,1563787.6,0,2266159.3,1811258.1,0,1452820.1,0,0,7930373.5,0,0,0,0,0,0,0,0,0,2976906.8,0,1716957.1,0,0,0,0,0,1658325.9,0,3092524,4163131.3,0,0,0,0,0
Kelly_105,T_1,0,0,1183482.6,0,0,0,0,0,0,1821525.4,0,1387902.6,0,988820.3,0,1108267.3,1453818.9,0,0,0,2168925.3,1216870.3,1614189.6,0,1115793.6,0,0,0,1605530.5,1182755,1153077.1,0,0,0,2095961.5,0,1405834.8,0,1719997,0,2491996.3,0,3125120.5,2506900.5,1169822.3,2525354.8,1106740.4,0,2096567.9,0,0,0,2132842.8,0,1692483.8,0,0,1365267.8,0,0,0,0,2447782,2391881.5,0,2338641.3,0,1230321.5,1905657.3,0,0,0,1307450.3,0,0,0,2586901.3,2284977.5,2228921,2037079.3,1466206.9,1259775.8,0,0,0,0,0,3089530.8,1707076.3,0,1878038,0,0,0,0,2647981.3,0,0,1920694.4,1383360,0,2228181.5,0,1200638.8,1989377,0,0,1792566,1919032.3,0,0,2239336.8,0,1317845.9,0,1294668.8,0,0,0,4915300,2547462,1840035.4,1488815.8,1700180.5,0,0,1679628.6,0,0,0,0,0,4116295,7640586.5,0,2608151.5,2095840.1,1579245.3,1687994.8,0,1760409.8,0,1877117.3,4526618,0,0,7312637,2165002.8,0,1945072,0,2057213.8,0,2156517.3,1535987,2946524.3,0,0,1532372.4,2767536.5,3638805.5,0,3966363.8,2187689.3,2457747.8,0,0,2255242.5,0,0,3303551.5,0,0,1644658.3,5149374,0,2150933.5,1927714.9,0,2138362.3,0,0,1807066.4,0,0,2131338,0,2053229.3,2082425.8,0,0,1899038.4,0,1803206.5,0,0,1767525.6,0,2311539.3,2484211.5,2103389.3,1955432.5,0,2102982.8,0,0,0,0,0,2391004.8,2705402.8,2412036.5,0,2281493,1487902.5,2288152.3,1696801.8,0,0,1687073.4,0,0,0,0,0,2204555.3,0,2701125,1886029.1,0,0,2273957.8,0,0,2775109.3,0,2329303.3,2714693.3,0,3457776.8,1562032.3,0,0,0,1958673.4,0,0,1585199,2614621.3,2210146.5,3442661.3,3329155.3,1794696.5,0,1631910.5,0,0,0,0,0,0,1765085.5,2435024.8,0,1856066.5,0,0,0,0,0,0,1684000,0,0,2136560.5,0,2376382,0,1596865.8,0,0,0,0,0,0,0,0,0,0,0,2490234,1837036.4,1528498.3,0,0,0,2671062.8,0,0,2866241.8,0,0,0,0,0,0,0,0,0,0,0,0,1544105,0,0,0,0,0,0,0,0,4720437,0,4147223.3,5244955.5,0,1977577.1,0,0,0,0,0,0,0,2134768,0,0,0,0,0,0,0,0,0,0,2171528,0,0,0,0,0,0,0,0,3197161.8,1474417,2075412.6,0,0,0,0,0,0,0,0,0,0,0,0,1559602.1,0,1652582.5,0,2504151.3,3114323,2348377.8,0,0,0,0,0,0,0,0,0,0,2209967.5,1622479.8,3258325,2382059.8,0,2313077.5,2038325.4,0,0,2169307.5,0,8469641,1692304.8,0,0,0,0,0,1890945,1581734.8,0,2249911.5,1884548,0,0,0,0,0,0,0,1514762,3706499.3,4144461.3,0,0,0,0,0
Kelly_106,T_1,0,1202613.6,892810.4,1014164.6,0,0,0,0,0,0,0,1597326.8,0,0,0,0,1525818,0,0,0,2021846.5,1814291.6,1380121.6,0,1252462.3,0,0,0,1411986.8,1174091,0,0,0,0,1963858,0,2070086.3,0,2059584,0,2291507.8,0,3584059.8,2233146.8,0,2224194.8,1093068.3,0,1829193.8,0,0,0,2359093,0,1840687.8,0,0,1404840.8,0,0,0,0,2104286.5,2510794.5,0,2481107.5,0,1301952,0,1114294.3,0,0,1123245.9,0,0,0,2954640.5,1667206.8,2237840,1251209.1,1565586.4,0,0,0,0,0,0,2227148.5,1962475.9,0,0,0,0,0,0,1673996.6,0,0,1925454.5,1474137.3,1269663.5,2134178,0,1678073.6,1688572.1,0,0,1627994,1666908.5,0,0,2001397.9,0,1306734.5,0,1212394.6,0,0,0,4278488,1923679.8,1589212.4,2115560,0,0,0,1562862.3,0,0,0,0,0,3296883,6900972,0,2158840,1615215.1,2086522.8,1770479.5,0,0,0,1736423,4233759,0,0,13368444,1916807.3,0,1958878.8,0,1737449.8,0,1688891.5,0,3992465.8,0,0,1509858.3,2455137.3,2630000.3,0,3602583,1706145.5,2111698.3,0,1740806.6,2408713,0,0,4421435,0,0,0,4792926,2526634.8,1772484.5,1670094.4,1444049.8,1976805.1,0,0,2035459,0,1537054.5,0,0,2209898.5,1771636.3,0,0,1836157.3,0,2110607.5,0,0,1930401.3,1539763.3,2305206.3,2217161.3,1869011.1,0,0,1845991.9,0,1763070.1,0,1799958,0,2746172.3,2817872.5,1627482.4,0,1659248.3,1449594,2261383,1664144.9,0,1618344.5,0,0,0,0,1531883.6,0,0,0,2892848,1600057.6,1908811.4,1584469,1575524.1,0,0,3046009.8,0,1721491.6,2139278.5,1637015.8,2823550.8,1468813.1,0,0,0,1602693.8,0,1432439.8,2230292.3,1709791,1602023.4,2652335,2089377.1,1565609.4,0,0,0,0,0,0,0,0,1480574,2480885.8,0,2173349,1839720,0,0,0,0,0,0,0,0,1491469.3,0,2068779.5,0,1746736.8,0,1527109.5,0,0,0,0,0,0,0,0,0,2387147.8,1510491.8,0,0,0,0,2211754.5,1657259.4,0,2506789.8,0,0,0,0,0,0,0,0,0,0,0,0,0,0,0,0,0,0,0,0,0,5257464,0,3770801.8,5470645,0,0,0,0,1947791,0,0,0,0,1792324.1,0,0,0,1608952.9,0,0,0,0,0,0,2470088,0,0,0,0,0,0,0,0,3308648.3,0,1593009.5,0,0,0,0,0,0,0,0,0,0,0,0,0,0,0,0,2170576.8,2964453,0,0,0,0,0,1943451.9,0,0,0,0,0,0,0,1955060.8,1863742.4,0,2262865,2330775.5,0,1987966.9,0,0,7626962,0,0,1499940.3,1663120.6,0,1751084.3,2320431.8,0,0,2262158.8,0,0,0,0,0,1465179.3,1500819,0,2118625.8,2707426.8,3303048.3,0,1629757.9,0,0,0
Kelly_107,T_1,0,1364517.5,1843471.4,1202900,1076735.9,0,0,1038741.8,0,1091121.3,0,2459701.5,0,990442.3,0,0,1444675.4,0,1193770.1,0,2112702.8,1771780.3,2083850.4,0,1571682.9,0,0,0,1819464.1,1139626.3,1116053.1,1128263.9,0,0,2149188.5,0,2339095.8,0,1923568.3,0,3105123,0,3257676.8,1883439.5,1652408.4,2143260.5,0,0,2931466.8,0,0,1273209.1,2557101.5,0,0,0,0,1289996.5,0,1891186.3,0,1128815.1,3041847,3060263,0,3211824,0,1924642.4,1545515.6,1656352.4,0,0,2975777.3,0,0,0,3465769,1987118.4,3409464,1381185.4,1350730.9,1333848.6,0,0,0,0,0,3108092.8,3453747,0,1864303.4,1207474.1,0,1397731.6,0,2503396.5,0,0,4187966.8,2639178,0,2369963.3,1199030.6,2720284,1861406.6,0,1467282.8,2780821.8,5686936.5,1777941.6,0,3172505.5,0,2567981.5,1266871,0,1518675,0,0,4870185.5,4039377,2420590.3,2062970.6,1911321.3,1582629.6,0,1863877.6,0,0,0,1401714.8,0,5231290.5,9698652,0,3226984,1937928.5,2241045,1743540.4,0,1414494.9,0,6945799.5,6165460.5,0,0,17881702,3424882.8,0,2452225.5,0,2288397.5,0,0,1530532.1,4321834.5,1917494.5,0,2801337,4531638,3146467.3,0,5020715.5,3160119,3225256.3,2318515.8,0,3589920.5,0,0,5495700,0,0,1926659.1,4589332,3873985.5,4887831.5,2380066.5,1478978.5,3611507.8,2031998.8,7087539,4558283,0,2080797.6,6123115,3367194.5,3336009.5,4159315.8,0,0,5085566,1656712,2782636.8,0,1473479.8,3123158.5,0,3279370.5,3174948.3,2284079,2416184.5,0,4023357.8,2128455,2712134.8,0,1641546.4,0,3776562,4025883.8,3144228.8,0,2310153.3,2102802,2275816.8,2454001.5,0,2590156,1950676.6,0,2407850.5,0,1606020.6,4875149,2705694.8,0,4866276.5,2512620.8,2503342.8,2054839,2841717.8,0,0,3860025.5,0,2548071,3039512.3,1823008,3181542.5,2168015.3,1888983.3,0,0,1466500.6,0,0,3519295.3,2408678.8,1936622.4,3038633,3791501.8,0,1607837.1,2134588,1568579.8,0,2044906.4,0,0,2896207.5,3113626.8,2540612.3,1988171.9,2194191.8,1982454.4,0,0,0,0,2255027.3,1466978,0,0,2747398,0,3097511,0,2940846.5,0,1780555,0,0,2122066.5,0,1774314.3,0,0,0,0,2863406.8,2502674.5,1848215.3,0,2063131.4,0,2492871.8,1597897.1,1858510.5,4309648,2089110.9,1761437.6,2290690.5,0,0,0,0,0,0,0,0,0,0,1618571.1,0,0,1675703,0,0,2067156.6,0,4630862,1762787.1,3093073,4934229.5,1619623.1,1576705.6,0,0,1949637.3,1526216.6,2298405.5,1501480.5,0,1912437.9,1835211.6,0,2412241.3,0,1802077.9,0,2762594.8,1845723.1,0,0,2768566,1840856.5,0,0,1744156.3,0,0,0,0,4045134.8,0,0,0,0,0,0,0,0,1587365.5,0,0,0,0,0,0,0,0,0,2314477,2879382.3,1939353.5,0,0,0,0,0,0,0,0,0,0,2184412.3,1451687,2509487.5,1719939.3,0,2477028.5,2168268.8,0,0,0,0,7618794,1716391.9,0,0,0,0,0,1608583.1,0,0,2471164.5,0,0,0,0,0,0,1604342,1889250.8,0,3315668.3,3817148.8,0,1876007,0,0,0
Kelly_108,T_1,0,1570535.9,0,0,0,1094594.1,0,0,0,1071428,0,1501733.1,0,1020644.1,0,0,1360453.9,0,0,0,2201090.8,1670515.8,1438074.8,0,1326342.4,0,0,0,1493900.4,0,0,0,1171157.9,0,1535213.5,0,2149401.3,0,1619144.5,0,3158518.5,0,2786342,2030664.5,1735762.5,2097264.8,0,0,1893267.6,0,0,0,2010049.4,0,1630402.4,0,0,1277118,0,0,0,0,2657876,2011955,1403189.8,2030139.8,0,1293849.5,0,0,0,1391834.8,0,0,0,0,3148176.3,1868915.9,2034556.8,1517923.4,1500012.4,1139542.9,0,0,0,0,0,2059086,1575268.9,0,1760644,0,0,0,0,1734547.6,0,0,1441252.9,1317871.9,0,1813836.4,1428055.5,2019260.3,1488574.9,0,0,2502713,2250811.8,1605823.9,0,2162798.5,0,1834776.1,1300154,0,0,0,1492016.9,3378863,2633598.8,1863750.3,1660243.3,0,1331500.1,0,1455611.4,0,0,0,0,0,4064909.8,6913383.5,0,2047860.8,1854031.5,1512029,1549624.9,0,0,0,1756172.1,4796834,0,0,6695033.5,2128007,0,0,0,1421673.6,0,2139196,1410121.4,3215640.8,1508133.9,0,1522929.8,2745219.8,2971860.5,0,3938371.5,1912656.5,2170635.8,1805592.6,2091980.4,2329039.3,0,0,3595405.5,1805466.1,0,1853510.3,4933751.5,2608786.5,2104109.3,1766713.5,0,1884621.8,0,0,1776999.3,0,1834233.8,0,1994458,2336058,1879877.1,0,0,2019740.6,0,2381814.3,0,0,1835590.6,0,2357945.8,2350316.8,1965323.5,1791765.5,0,1640489.6,0,0,0,1566532.9,0,2329892,2900736.5,1894153.3,0,2483930.5,0,2136224.5,2509480.8,0,1470819.6,0,0,0,0,0,0,2135798.8,0,2189949,1523844.1,1993728.1,0,1870713,2269055.8,0,3561704,0,2527472.8,2673715.5,0,2912970.5,1948531.1,0,0,0,0,0,0,1767717.3,2025516.5,0,2331810.8,2532652,1771568.6,0,0,0,0,1461660.9,0,0,0,1837727.1,2225516,1823599.6,0,0,0,1471737.4,0,0,0,0,0,0,1709178.1,0,3083041.8,0,0,0,0,0,0,0,0,0,0,0,0,0,2460508.8,0,2241629.3,0,0,0,1561935.3,0,0,3080104.5,0,0,0,0,0,0,0,0,0,0,0,0,0,0,0,0,0,0,0,0,0,3899824.8,0,2419326.8,5393026.5,0,0,0,0,0,0,0,0,0,1602831.4,0,0,0,0,0,0,1705649.4,0,0,0,2053527.5,0,0,0,0,0,0,0,0,2342146.8,0,1680161,0,0,0,0,0,0,0,0,0,0,0,0,0,0,0,0,1447605.1,2338173.5,0,0,0,0,0,0,0,0,1446271.5,0,0,2328457,0,2536839,1585536.1,0,1487407.3,0,0,0,0,0,6354881.5,0,1470318,1657628.9,0,0,0,2053544.6,0,0,1674269.8,0,0,0,0,0,0,0,0,0,0,2924648,0,0,0,0,0
Kelly_109,T_1,0,1316740.3,1259256.5,0,0,0,0,0,0,1205431,0,2158166.3,0,0,0,0,1490326.3,0,0,0,1401261.6,1323183.1,1497782.4,0,1770707.4,1298939.5,0,0,1798085.4,0,0,0,0,0,1663636.6,0,2555596.5,0,2834438.3,1153857,2442447,0,3325696.8,1925923.3,1786669.3,2091081.3,1405267.3,0,2442599.8,0,1112561.4,1075197,2785130.5,0,0,0,0,2150209.3,0,1530134.5,0,0,2631755,2424326,0,2143246,0,1285829.3,1360077.3,0,0,0,3127098.3,0,0,0,2908238.8,2161147,2726915,1526447.8,1304503.6,1435493.1,0,1233682.4,0,0,0,2188798.5,2923974,0,1947282.6,0,1400872.6,1426730.9,0,2348253.8,0,0,3273932.5,1873621.6,1385162.8,2477261,0,0,0,0,1354722,2362596.5,5302502.5,0,0,2504030,0,2122644.3,0,1219537.5,1540872.6,0,1652818.9,4072171.3,2604359.5,2784670.5,1689257.6,1500165.8,0,0,1538930.3,0,0,0,0,0,4230082.5,7617078,0,2030145.6,2338489.3,1854660.8,2452288.3,0,1464267,0,6549593,5058552,0,0,14196358,2496146,0,2188578.5,0,2131758.5,0,2271681.3,0,3654242,0,0,2069252.1,3502648.5,2444662,0,4258001,1994461.1,2938741.5,1762177.8,0,4061721.8,0,0,4622525,0,0,1427295.5,3932296.3,2879628,4157212.3,1715496.4,0,3004854,1741250,5618738,3364940.8,0,2529503.8,6531439,2252515,3621715.3,2724702.8,0,3503544.5,4141513.3,1495508.6,3125817,0,0,3264162,2184451.8,3990349,2466207.8,1723359.9,2203114.3,0,2684449.8,0,2122330.8,0,1621642.3,0,2884284,3280068,2049229.6,0,2169035.8,0,1968832.3,2638537.5,0,2408116.5,1834173.5,0,2421919.3,0,0,4482697.5,1945116.9,0,3415004.5,1574372.8,1603228.3,1886116.4,2899796,0,0,3728644,0,3038684,2202472.3,1721711.5,2573859.3,1808629.1,0,0,0,1612923.6,0,0,1704015.5,2662323,2120889.5,2381908.8,2441489.8,1778456.3,1627166.6,1584242.1,0,0,1952718,0,0,2191487,2934026.8,2253901.3,1522003.4,1499878.4,1888658.8,0,0,0,0,1902722.6,0,1701707.9,0,2596074.3,0,2201624.3,0,0,1549091.3,0,0,0,1467727,0,0,0,0,0,1840555.3,2544678,0,2634741.8,0,1634591.3,0,1971109.1,0,1766058.5,2811458.3,0,0,0,0,0,0,0,0,0,0,0,0,0,0,0,0,1597500.9,0,0,1763681.8,0,3855330.8,0,1890562.5,4982024,0,0,0,0,0,0,1858612,0,0,1856703.3,0,0,1742183.8,0,0,0,1472146.1,0,0,0,2063502.4,0,0,0,1880814.8,0,0,0,0,3504757.3,0,0,0,0,1950522.8,0,0,0,1687690.5,0,0,0,0,0,0,0,0,0,1682998.4,2407227.5,0,0,0,0,0,0,0,0,0,0,0,2054364.1,0,2053543,1848426.8,0,2373503.8,0,0,0,0,0,8090850.5,1450437.1,0,0,0,0,0,1781570.3,0,0,3425160.3,0,1657012.8,0,1803921.3,0,0,0,0,0,3663777.5,3411489,0,0,0,0,0
Kelly_140,T_2,0,0,1418641,0,0,1256954,1058470.8,0,0,1898792,0,1943162.6,0,0,1160370.3,0,1242312.6,0,0,0,2324172.5,2129978.3,1321921.1,1130431.1,1156934.3,1299539.6,0,0,1318638.6,2027468.9,1229620.1,0,0,0,1775494.5,1324297.1,1664143.6,0,1729691.3,0,2349237.5,0,3196094.8,1266619,1302724.4,1978812.5,1536325.8,0,2561208.8,0,0,1594798.8,2199889,0,1641773.3,0,0,1461252.5,0,0,1152215.4,0,2500846.8,1907373.3,0,1909941.5,0,1867379.5,1406587.6,0,0,0,1126401,0,0,0,3057492.3,2111260.5,1802020.9,1478128.9,1718777.4,1473226.1,0,0,0,0,0,2099020.3,1598030.5,0,1518169.9,0,0,0,0,2161431.3,0,0,1489243.6,2561894.3,0,1617846.6,0,1403162.8,1665565.3,0,0,0,1632142.6,0,0,2285713.8,0,1587501.3,0,1367119,0,0,0,4289637.5,1822746.9,2180549.8,1885394.3,1634174,1396106.5,0,1444662.5,0,0,0,0,0,4180806.3,6168043.5,0,2183672,1822106.3,1941158.6,1677636.6,0,1543145.8,0,0,4465695,0,0,6559380.5,3199648,1328777.6,2037004.3,0,1552407.6,0,2125177.5,1616772.8,2377692.5,1344487.4,0,1559861,2969785.3,2230215.3,0,4182764.3,2025718.6,1993505.8,2161452,0,3014479.8,0,0,3258742.8,0,0,1379223.1,4529285,2586551.5,2003902.4,2635720,1626561.8,2168778.5,0,8540606,2168274.8,0,1496535.9,0,2857918,3055537.5,2435002.8,0,0,1720238,0,2433963,0,1587099.3,2612649,1502888.5,2029979.3,1910687.3,2162588.8,2340774.3,0,2242471.5,1817521,2735030.3,0,1515465.9,0,3193841.5,2618891.8,2963989.5,0,2605108.8,1962558.8,3114584,1831522.3,0,2015369.6,1634963.6,0,0,0,0,0,1929562.8,0,2873740.8,1876887,0,1684947.8,1768965.9,2024464.3,0,3107393.5,0,2156250,2631426.8,2194700.8,2232329.5,1983281.8,1567547.9,0,0,1571676.4,0,0,2072001.3,0,2223565.8,2856110.5,2928063.8,0,1512402.3,1579708.1,2208197.3,0,0,0,1594777.1,0,1852681.5,2493631.3,2098375,2198924,2022000.4,0,0,0,0,1535664.5,1519142.5,0,1774979.3,1968523.1,1475729.6,3439333.5,0,1936619.6,0,0,0,0,1899073.8,1497671.9,1772424,0,0,1805514.3,0,1832271.6,1609727.9,0,0,1476177.3,0,2104019.5,0,0,3227498.5,1565295.6,0,0,0,0,0,0,0,0,0,0,0,0,0,0,0,0,0,0,0,0,3475365,0,3206269.5,4492417.5,0,0,0,0,0,0,1830432.1,0,0,1510267.5,0,0,1848040.9,0,0,0,1913766.8,0,0,0,1990160.9,0,0,0,1754476.4,0,0,0,0,2883414,0,1774378.4,0,0,0,0,0,0,0,0,0,0,0,0,0,0,0,0,2146740.8,2436625,0,0,0,0,0,0,0,2089815.9,0,0,0,2873901,0,2136203,1533164.5,1668846.3,2300020,1787677.6,0,1506873.6,0,0,7710057,0,0,1559066.8,0,0,0,1772765.5,0,0,2378473.5,0,0,0,0,1537254.3,0,0,0,0,2780179.3,3552672.8,0,0,0,0,0
Kelly_141,T_2,0,1135211.6,1081295.5,0,0,0,0,0,0,1840959.4,0,1001957.4,0,1141272.1,0,0,0,0,0,0,2247705.3,1250135.9,1209693.9,0,1249588.5,0,0,0,1592302.3,1246252.3,0,1261258.9,0,0,2000612.8,0,1719524.5,0,1087850.6,0,2323993.8,1082019.1,2202419.8,1596485.5,0,1975905.9,0,0,1620606.5,0,0,0,1683149,0,1237091.9,0,0,1220090,0,0,0,0,2182221,1858138.1,0,1621091.8,0,1515889.8,1269883.4,1489802.5,0,0,1617060.8,0,0,0,1932270.9,1583879.3,1966865.1,1762348,0,0,0,0,0,0,0,2100787.3,0,0,1608883.6,0,0,0,0,1308720.3,0,0,1657223.8,1229458.8,0,1997807.9,0,0,1339997.5,0,0,0,1832912.3,0,0,1934252.1,0,0,0,0,0,0,0,4391665.5,2061195.4,1434011.3,2020391.4,0,0,0,0,0,0,0,0,0,3751208.3,5077950,0,2143690.3,1554528.4,1322348.6,0,0,0,0,2014277,4393473.5,0,0,5835921,2008477.1,0,1682730.6,0,0,0,0,0,2827350.3,0,0,1956840,2547696.5,2308897.3,0,3012717.8,0,0,0,0,1860213.6,0,0,2252276.3,0,0,0,0,2263879.5,1777067.3,0,0,1815574,0,0,1536892.3,0,0,0,1603864.3,0,0,0,0,0,0,1885911.4,0,0,0,0,1760093.5,1610627.3,0,1449634.9,0,0,0,0,0,0,0,2600900.5,2217906.3,1722299.4,0,1561506.5,0,1924483.3,1418636,0,1631590.5,0,0,0,0,0,0,2218155.5,0,2413162.3,0,0,0,0,0,0,0,0,1889958.1,2004551,1806414.6,4019469,0,1482739.8,0,0,0,0,0,1624046.1,1500539.9,0,2373682,2815751.8,1517839,0,0,0,0,0,0,0,0,1469780,1848793,0,1739410.8,0,0,0,0,0,0,0,0,0,0,0,1744888.9,0,0,0,1545332.3,0,0,0,0,0,0,0,0,0,2287353.5,0,0,0,0,0,2287401.3,0,0,1829345,0,0,0,0,0,0,0,0,0,0,0,0,0,0,0,0,0,0,0,0,0,6216710.5,0,3997961.5,6258958,0,1629654.6,0,0,1578158.3,1751730,0,0,0,2420600.5,0,0,0,0,0,0,0,0,0,0,2379923,0,0,0,1439608.8,0,0,0,0,3738244.5,0,2026326.8,0,0,0,0,0,0,0,0,0,0,0,0,0,0,0,0,2676077.5,2855454.5,2311201.8,0,0,0,0,0,0,0,0,0,0,2810017.5,1491978,3072528.5,2706302.5,1472389.3,2295261,2208086.3,0,2154738.3,0,0,9052370,0,0,0,0,0,0,2585296.3,0,0,2256395.3,0,1473813,0,1683967.6,0,0,0,0,0,4261482.5,4235909.5,0,0,0,0,0
Kelly_142,T_2,922664.4,0,1096758.9,0,0,0,0,0,0,1119826.5,0,1496448.1,0,1319991.9,1247305.3,0,1144902.5,0,0,0,1843160.6,1306345.8,1252849.4,0,0,1295189.6,0,0,1342060.1,0,0,0,0,0,1653934.4,1116401.1,1920248.4,0,0,0,3145566.5,0,2168998.8,1843680,0,1619102.3,0,0,1712725.9,0,0,0,1780423.6,0,1896918.6,0,0,0,0,0,0,0,1989286,2276492.5,0,1255829.5,0,0,1505411.3,0,0,0,1133651.9,0,0,0,2573841.8,2262267.5,1789956.6,1511409.9,0,0,0,0,0,0,0,2184205,1799214.6,0,1598809.4,0,0,0,0,2055603.9,0,0,1672216.1,1442595.5,0,2024340.3,0,0,0,0,0,0,2094000.3,0,0,2064964,0,0,0,0,0,0,0,4451095.5,2255870.3,1619674.8,2066664.4,0,0,0,1547959.5,0,0,0,0,0,4657016.5,6232669,0,2719850.8,2625359,1896284.6,0,0,0,0,1817112.8,5149345.5,0,0,7013742,2047867.3,0,1617730,0,1621583.1,0,1673487.4,0,2200021.5,0,0,1444500.6,3515881.3,3133738,0,4529286.5,1845394.6,2026792.8,0,1949121,2217411.8,0,0,2325591.3,0,0,0,4910080.5,2953683.5,2343486.3,1903689.6,0,2108077.3,0,7525116,2207252.3,0,0,0,2486924.3,3202748,2099910.3,0,0,2073326.4,0,1756441,0,0,0,0,3341659.3,2202471,1792865.6,1479530.9,0,0,0,0,0,0,0,3129585.3,3430589.8,2177734.3,0,2482315.3,1643667.4,2119241.3,2003025.5,0,2044937,0,0,0,0,0,0,2147519.5,0,3253339.5,1763427.1,1936378.6,0,2023829.5,1626012.9,0,2540844.5,0,2360274.8,2763095,1984350.1,2770959.8,1859296.4,1728231.4,0,0,1544040,0,0,2304113.8,2479087.5,0,3652254.8,3216237.5,0,0,0,0,0,0,0,0,0,2006174.9,2970666,1756209.4,2120936,1736127.9,0,0,0,0,1817127.3,2281929.3,0,0,2562405.3,0,3081986.3,0,2295050,0,0,0,0,1580207.3,0,0,0,0,0,0,2739365.3,0,1830705.3,0,0,0,2606993.8,0,1683353.5,3924591.8,0,0,1836048.5,0,0,0,0,0,0,0,0,0,0,0,0,0,2122634.3,0,1611851.4,0,0,4490178,0,3849535.3,5682502.5,0,1868454.4,2174576.3,0,2096404.8,2149659.3,2004948.8,0,0,1969020.8,0,0,0,0,0,0,0,1695724.4,0,0,2347785.3,1602487.3,0,0,2120567.8,0,0,0,0,3933395.3,0,1930224,0,0,0,0,0,0,1576659.1,0,0,0,0,0,0,0,0,0,1780627.6,3140569.5,0,0,0,0,0,1820818.8,0,0,0,0,0,3440739.3,1560664.6,2047576.4,2043984.8,0,1757395,1708303,0,1802897,1560695.3,0,7403438,0,0,0,0,0,0,1844146.4,0,2923420,2205755.8,0,0,1916389.6,0,0,0,0,0,0,2902163.5,3189564.5,0,0,0,0,0
Kelly_143,T_2,0,1213150.8,0,1249005.5,0,0,0,1003419.2,0,2052747.3,0,1444677.9,0,1113969.5,1373251.4,0,2364064,0,0,1548924,2449325.5,1537062.6,1147437.8,0,0,1316703.8,0,0,1789053.1,1102719.4,0,0,0,1670217.6,1958742.4,0,1851292.3,0,2293736.5,0,4910377,1149140.1,4652935,2263002.5,2767845.5,1369913.4,2420548.3,0,2343831.3,0,1127398.1,1151219.4,4565980,3291681,0,0,1221744.4,2618749.5,0,23948990,0,0,3636689,2404875,0,5068309.5,2020673,1447501.8,1458008.3,0,0,1545411,2133199.8,0,0,0,3681147,0,7066040.5,1264618.6,2505205,0,0,1219414.6,0,0,0,6078778,6514551,0,1601973,0,4122137,11498012,6412380,4144860.8,0,0,10801942,6497057,0,2561884,2332518.5,2788769,1637283.5,0,0,3663338.3,2685932.8,0,1331454.4,4943627.5,0,7734624,1275818.1,1988535.4,1527812.3,0,1939041.5,7356694.5,9044862,4333021,4736488.5,2342987.5,2861654.8,0,0,0,0,1424166.3,0,2492635,9359899,10445971,0,7156894.5,8476443,4846374.5,5125543.5,2576307.5,0,0,3251407.8,10518164,1435621.4,0,12939572,7377216.5,2114531.3,3967462,0,6338546.5,1608091.1,2051742,1917098.6,3120988,0,0,2081311,9511326,2901743.8,0,8211553,7709806,6291251,7591744,0,6410759.5,4192788.8,0,6282462,1934059.1,0,1957045.4,3171574.3,12721488,17139738,13740071,3885440.8,9845488,7928573,11470247,21552580,0,6328469,2509155.3,5947284,8552003,40930896,0,0,18092282,4965637.5,6361000.5,1646772.6,2734141.8,3842640,2029807.6,6117236,4943362,5149819,3862662.8,0,12907253,2876160.8,3391332.5,1786735.8,1487304.4,0,5730394,6507150,4219544,1780644.9,4568256,2315465.8,4891355.5,4407013.5,2026223.1,4166901.3,2936574.8,0,2702595.3,0,0,0,0,0,4410039,4043455.8,3722384.3,3959960.8,3826271.5,2024551.8,0,3644453.5,0,4718901.5,4952785.5,3314393,3338131.8,3926125.5,2410612.8,0,0,3767809.8,0,1891214.9,4542467.5,4937072.5,3599735.3,2638358.5,4912856,3729118.8,1550565.3,3595329.3,2329671.8,0,3282341,0,0,0,5236480,4421705.5,3443791.8,1944806.3,2935190.5,2036636.5,2750176.3,2022118.3,0,3246754.8,2701792.5,0,0,4275477.5,2644251.3,4739655.5,0,4829773.5,2096722.9,2717052.3,0,0,3477378,0,0,0,0,0,2511840.8,1584219.5,3736324.8,4088872,1843757.3,3452237.3,0,1816528.4,0,2360277.8,7746154,2540655.5,0,3586953.3,2383758.3,0,3539109.3,0,0,0,0,0,2541022.3,0,0,2828520.5,2581229.5,3673588.8,0,1805686.4,4341502,0,1923441.5,6874115.5,2199153.3,3117174,2585850.5,0,2393071,1770995.4,1901662.1,1571426.6,5845216,0,1631465,0,5974483,0,0,0,8809154,0,1577674.6,14918574,0,2576534.8,0,2718295.5,2176305.8,1600309.8,0,0,1744099.8,0,0,1616399,2357267.3,1510251.9,1603795.1,0,0,0,0,0,1785437.5,0,0,0,0,0,1774352.8,1813905.4,0,0,0,1813893.6,0,0,0,0,0,0,0,0,0,0,0,2106141.8,0,1630549.9,0,0,0,1534378.8,0,1574957.1,0,0,4436679,0,0,0,0,0,0,0,0,0,2480239.5,0,0,0,0,0,0,0,0,0,0,1807090.6,0,0,0,0,0
Kelly_144,T_2,0,1132669.5,0,0,0,0,0,981002.8,0,0,0,1545020.4,0,0,1214818.3,0,1242604,0,0,0,2158536,1512254.5,1585733.6,0,1099991,1193715.5,0,0,1211779,0,0,0,1226232.6,0,1386643.8,1505343.3,1668934.4,0,1333628.3,0,2724931.5,0,3269753.3,1379745.3,1382571.4,1675471,1481177.1,0,1389047.3,0,0,0,1786679.5,0,1342780.3,0,0,1142331,0,1561641.3,0,0,2259160.5,2143414.8,1419961.4,1641151.5,0,1226011.9,0,0,0,0,0,0,0,0,2211069.3,1684185.4,2802146.3,1187008.4,1159625.3,1214633.9,0,0,0,0,0,2603867.8,2702176.5,0,1620843.5,0,0,0,1339299.8,2309119,0,0,2921522.3,1816636.8,0,2517113.5,1209476.1,0,1226186,0,0,1506592.8,1499683.3,0,0,2358460.3,0,1670972.1,0,0,0,0,0,3478008.8,2576027,1933109.4,1612097.6,1469920.1,1297388.4,0,1353870.5,0,0,0,0,0,4586649,7202630,0,2446674.5,1951489.6,1928974.3,1516478.9,0,1959549.3,0,1412924.4,4805210.5,0,0,9984269,2486553.5,0,2305994.8,0,1516759.4,0,1676423.3,1331603.9,2765634,1989966.8,0,2087418.9,3425617.3,2487445,0,3640309.8,2975746.3,2717859.5,2375343.8,0,3060045.3,1643353.5,0,3935731.3,4712447.5,0,0,4246460.5,3510199.3,4474430.5,2552394.3,1443201.8,2864843.8,0,11776826,4675411.5,0,2338260.8,1719887.8,2974073.3,4093388.3,3471831.3,0,4049938,4588578,1547820.9,2769519.5,0,0,2749108,1938159.4,3151121.5,2563386,2062670.6,2004824.3,0,2716002.8,1872748.3,2392428.3,0,0,0,2707255.5,3661067,2269971.5,0,1997020.4,1958628.8,2485403.3,2738339.5,0,1530968.5,2021472.5,0,0,0,0,0,2620139.3,0,4942457,1833088.4,1964039.9,1775118.9,2347408.5,2924951.8,0,3244820.3,0,2949498.5,3649768.5,2321135,3040150.3,2510426.5,1618785.1,0,0,2243018.8,0,0,3242363,3066596.3,2324714.8,2361738.8,3282511,2105941.8,1542748.3,1870786.6,1537481.4,0,1609529,0,0,0,3668270.8,2772148.3,1609915.5,2060144.4,1690695,0,0,1649127,0,2368697.5,0,0,0,3335686,0,4498347,0,3208115,0,1592153.1,0,0,2161505,0,0,0,0,1601461.8,0,1857899.3,0,2515458,1607689.6,1655211.1,0,2497129.8,1620075.4,0,5169993.5,0,0,0,0,0,0,0,0,0,0,0,0,0,0,1522356.9,0,1808946.6,0,0,1903527.9,0,4087881.3,0,2546602.8,3293617,2149648,1451932.4,1588299,0,1823703.6,0,3691385.8,0,0,1580037.8,1684640.8,0,0,0,1606585.8,0,1807811.6,2097348,0,0,0,0,1721427.5,0,0,0,0,0,0,3132620.8,0,1707163.3,0,0,0,0,0,0,1445460.9,0,0,0,0,0,0,0,0,0,2355978.5,2468764,0,0,0,0,0,1469167,0,2006914,0,0,0,2420176.5,0,1983688.6,1732544.5,0,2220270.3,0,0,0,0,0,6625989.5,0,0,0,0,0,0,0,0,0,3127508,1828828,0,0,0,0,0,0,0,0,3495746.5,4682723.5,1934399.3,1751173.8,0,0,0
Kelly_145,T_2,0,1159096.4,0,1008893.8,0,0,0,0,0,1278534.3,0,1036796,0,0,1126613.3,0,1582753.4,0,0,1176951.5,1457562.1,1913616,1203351.1,0,1754151.4,0,0,0,1748171.1,1496392.3,1058001.4,0,0,0,1724024.8,1233583.4,2205878.5,0,1442554,0,2993682,0,2894435.8,1719211,4926646,1643772.3,1689095,0,1449803.9,0,0,0,2929232.8,1362948,1147280.9,0,0,2403278.3,0,2857724.8,1122697.3,0,2096584.6,2266609.8,0,2938364,0,1756452.4,1365934.5,0,0,0,0,0,0,0,2374416.3,1846842.1,3071300.3,1439983.5,1292281.8,0,0,0,0,0,0,3531966.3,3233540,0,2114381.3,0,0,2856403.3,2010408.4,2841820.8,0,0,4599093.5,2447936.5,0,1938334,0,1366537,0,0,0,1466747.5,1346174,0,0,3171928.5,0,2669793.8,0,1527663,0,0,0,5851566.5,3907664,2854120.8,2030325,1524881.3,1714589.5,0,1385533.4,0,0,0,0,0,5444674,6805230.5,0,4200187.5,3008939,2635191.5,2498666,0,0,0,1434096.9,7952941.5,0,0,8375535,3698940.3,0,2675136,0,2886605.3,0,1786515.4,1558688.4,3151720.8,0,0,1780543.1,5237210.5,4177712,0,4909221.5,3744946.5,4029309,3845002,0,2846803.5,1741152.8,0,3160872.5,0,0,0,4844857.5,4077957.5,7412802.5,3482191.5,1535393.9,4539145,2016021.6,6471086,7836106.5,0,2922631,0,3279645.8,4597166,5674426,0,0,7210050.5,2345038.3,3272398.3,0,0,2527569,0,3658791.8,3096717,2609884,2393318.8,0,3255594.8,0,1939565.1,0,0,0,3652056.5,3586525.5,2427366.8,0,2639839,1661928.1,2849739.3,2563540.3,0,1601205,1705661.6,0,0,0,0,0,3262692.3,0,4057747.8,2601627.5,1959490.8,2147914.5,2111466,1965041.6,0,1879946,0,3223608.5,2692026.3,2406849.3,3115633,2522430.5,1864517.5,0,0,2036158.9,0,0,2706074.3,2571785,2142223.8,2846385.3,3286391.3,2306430,0,1925868.4,0,0,1829474.1,0,0,0,2581567.8,3313594,1804737,1945200,1671231.1,0,0,1575119.3,0,2190184,1590266.4,0,1931389.5,3012230.3,0,3955730.8,0,2595354,0,1558950.1,0,0,1810861.5,0,0,0,0,0,0,1888115.8,2115158.3,2459100.5,0,1967975.3,0,2488344,1891353.5,1753119.1,4829927.5,1572334.1,0,1826922.5,0,0,1712617.1,0,0,0,0,0,2198586,0,0,1543578.8,0,2009850.5,0,1743267.4,2196562.8,0,3624679.5,1601954.3,2644525.5,4091955.5,1645392.4,2174418.3,1723507.9,0,1980662.1,1973499.1,3163532.3,0,0,2735118.5,2891422.5,0,0,0,3399588.5,0,0,3255453.5,0,0,2264259,1677621.8,0,0,0,0,0,0,0,2757212,0,2423841.5,0,0,0,0,0,0,0,0,0,0,0,0,0,1474531.8,1713435.6,0,1641376.1,2382126.8,0,0,0,0,0,0,0,0,1913229.5,0,0,1835224.3,1636794.6,1729982.9,1586852.9,0,1609028.1,1478717,1468725.6,1557008.5,0,0,6046231.5,0,0,0,0,0,0,1674881.5,0,2866639.5,0,0,0,0,0,0,0,0,0,1649804.8,2907753.3,3226130.5,2400295.3,0,0,0,0
Kelly_31,T_0,0,1199307.4,1597509.6,0,0,0,0,0,2675910.8,1549948.4,0,1522197.9,0,1542939.4,0,1166176.4,1866160.9,1042063.4,0,0,1929986.1,1748065.9,1716072.5,0,1565154.3,1607015.1,0,3429636.3,2086651.6,1662943.6,2188751,3951048.5,1373655.1,0,2743783.3,0,4350468.5,0,12498981,3159113.8,3461285.5,2995125.5,3595468,2419430.8,3475696.8,5993224.5,2793234.3,1213470.4,18475302,2000944,0,2288703,3194189.3,0,0,0,0,3613516.3,1100878.9,1362233.5,5474116.5,2195257,3566313.3,2613959.5,0,5290192.5,0,3253932.5,7130805,3795599.3,5305496,1283685.8,2936944.5,1222777.1,0,0,5191680,2836437.5,7149022,3687859.8,4241340.5,3678610.8,1933723.4,0,3336050.5,1302013.1,1522917.1,4132587.3,5521621,1254966.6,9035458,3666609.8,0,0,1264521.5,4214916,1531267.6,0,3394177.5,5033611,1727883,5037197,4083350.5,4300443.5,3334301.8,0,1422254.8,9128113,6532275.5,1342667.5,0,4871454,0,4629322,1785709.3,3675001.8,1649057.1,0,2031576.6,7896644.5,6295687,3268289.8,4812492.5,2461450.5,3356949,0,3226966,1411936.8,2238346.5,1468311.4,1802660.6,5786894,7775801,10997892,4504711.5,8536207,5071581,7362280,3657016,3570499,3443093,0,1590772.1,10486015,0,2462257.3,13327194,5563236.5,0,2851776.5,1680323.9,5552587.5,2084646,3308584.5,2603571.8,3790993.5,2640028.8,0,4006139,5501372,1657053.4,1478628.6,8076313,5416996.5,3879552,3765899.3,1596130.8,7805157.5,2094320.3,0,9466696,0,1732250.9,2072488.4,1882803.4,5609037.5,0,3938467,0,3383017,2312947.8,0,5104949,0,3015035.3,1409467.8,3631163,3311701.5,3899999.3,0,0,3418225.8,3874939.5,4375173.5,1777294.8,3428481.8,5679247.5,1955472.5,5082233,5248613.5,2662462,4061254.8,3146535.8,3549716.3,3181084.5,5163998.5,1747174.6,5296540.5,0,4467941,3623540.8,4560508,0,3858431.5,3986438.5,2429816,4713855,2692997.8,2618093,4211443.5,0,4536408,0,2227642.5,0,3652701.8,0,2585508.3,3527082.3,2074347.4,2665201.3,3202093.5,1953331.4,1764054.6,18728300,1986727,3363086.3,2198591.5,4485701,0,2980726.5,4372348,0,0,3086510.5,1637556.1,2841064.5,4115872.3,3278052,4228842,0,0,2584115.5,4015161.8,2090371.6,3136906,3363216.3,2806497.5,1583336,2605640,0,3204267.8,3788341,2573884.5,0,1823186.1,2851801.5,2772346.8,2116482.5,0,2032800.1,1612393.4,0,0,2423342.8,1793079.1,3452919.3,1781501.8,3159039.8,2192392,1780937.9,3213774.3,0,5681618,0,2213276.8,1814693.3,1815120,2002798.5,2369397,0,1674040.8,2274555.8,2224900,2060993.4,2788553.5,0,0,0,3078264.3,1736832.3,3375240.3,1704494.8,1967158.6,2361306,2366427.8,0,0,4319611.5,1592189.4,0,0,0,0,0,1928710,0,2252140.8,0,0,1550529,1957707,1443835.9,0,2602626.5,1413169.9,0,0,1945621.6,0,0,0,0,2672862.3,0,0,1829255.5,4417418.5,0,1546260,0,7588888.5,1515139.9,1472647.4,0,0,1471769.8,0,0,0,1900792.8,1702599.4,1712838.3,2089088,0,0,0,1479126,0,0,1508939.8,0,0,0,0,2030304,2302549.8,2204115.8,0,0,0,0,1768945,0,0,0,2638940.5,0,1386992.9,2169020,0,0,0,0,0,0,0,0,0,0,0,0,0,0,0,0,0,3202574.8,0,0,0,0,1874059.3,0,0,0,0,0,0,0,0,0,0,0,0,0,0,0,0,0,0,0,0,0
Kelly_32,T_0,0,1551627.8,1415635.4,1218306.3,0,0,0,0,2053158.4,1330213.6,0,1243116.5,0,1029799.8,0,0,1046357.9,0,0,0,2285188.8,1800700.8,1953539.9,1435532.6,2498196,1737260.4,0,1969115.1,2044412,1364066.8,2135761.5,3463366.8,0,0,2682287.3,0,3989684.3,0,8578233,3182268.5,0,1845905.4,3780236.8,2626158.8,2848375.5,5105233,3153497.8,0,14130218,1683506.5,0,2937848.3,2344714,0,2453420.8,0,0,3049542.8,0,1471952,4011992.8,1966435.8,3365841.8,2391363,0,3952969.8,0,2389688.5,5301439,3030572.3,4265523,0,1763231,0,0,1158416.6,4000753.5,2648419.5,4991338.5,3350240,3823847,3697761,1566312.1,0,2785767.8,0,1362226.3,3816503.5,4554215,0,7746465,3407207.3,0,0,0,3474159.8,1409265.3,0,2675443.8,3850493.5,2345230.5,4016400.8,3122458.8,4138810.5,2418492.8,0,0,6508916.5,6079863,1736636.1,0,3737281.8,0,4154679.8,1718441.1,2822583.3,1303857.8,0,2130114.8,6472171,4537489,2455856.5,4093756.8,2702304.8,2789357.3,0,3174037.5,0,1460526.8,1371198.3,1341261.6,4922194,6597809.5,9418595,2955622.8,7370607.5,4462113.5,5763630,3464928.3,2784492.8,3320221.8,0,2648154,7438942,0,1883061.9,11863297,4606221.5,1936808.3,3023787,2174894.8,4321207,1539916.5,2821711.3,2548827.3,3180269,2847481,0,3508612.5,4469902,0,0,5796615,4632338.5,3463557.3,3849616.8,0,7287805,2395656.5,1332587.9,8425070,0,1883723.9,2347737.5,2118632.3,4169099,0,4222947,0,3780137.8,2310196.3,0,6128757,0,3398329.5,0,2733425.5,3238284.3,3610006,0,0,3052458.5,3455924.3,4522434,1979339.8,2814405,4982739.5,2142174,2959827.5,3589585.3,2798527.5,3479496.5,2749109.5,2497968.3,2627001,4220826.5,0,4591998,1457258.6,4454692.5,3520236.3,3924724.8,1524687.1,3654838,3592382,2430576.5,3545720.8,3079296.8,2170924.8,3513396.8,0,4443618,1414121.6,2389904,0,2601675,0,1458268.6,2837604,2867182.3,2875381.3,2921848.3,2224511.5,1749318.3,15129851,1630582.3,2985291.3,2426025,3957423.3,0,2741253.5,3302411.8,1375150.5,0,2914650,2105696,2920102.3,3554897.8,1705336,3675005.3,1672444.5,0,2271387.3,3217568.5,2099121.3,2587574,2771899.3,3251907.5,1525448.4,2406861,0,2499246.5,2715024.8,3102612.8,0,1957998.3,2973810.3,2276163.3,0,1453840.3,2071439.9,1789513.5,0,0,2093306.6,2176765.8,2865063.5,0,2604458.8,0,1700947.8,2323541.3,1577302.1,4567639,1562201.9,2114300.8,0,0,2021283.4,2338725.8,0,2021446.5,0,1934058.3,0,1680781.6,0,0,0,2550827.5,1389102.4,2228273.3,1875663.9,2288339,0,1981814,0,0,3252253.8,0,0,0,0,0,0,1690663.5,1685468.5,0,0,1522074.5,1396126,1683440.3,1485918.9,0,2507959.8,0,0,0,1730999.6,0,0,0,0,2406566,0,0,1530010,3173790.8,0,0,0,4215458.5,1392040.5,1997746.6,0,1393515,0,0,1419854,0,0,0,1716954.6,0,0,0,0,0,1609090.1,0,0,0,0,0,0,2069728.5,1652776,1575015.8,1520788,0,0,0,1560573,0,0,0,2261323.5,1400711.1,1512199.4,1759604.9,0,0,0,0,0,0,0,0,0,0,0,0,0,0,0,0,0,3583937.5,0,0,0,0,0,0,0,0,0,0,0,0,0,0,0,0,0,0,0,0,0,0,0,0,0,0
Kelly_33,T_0,0,904851.6,1416757.5,0,0,0,0,0,2213686.8,0,997363.2,1621885,0,0,0,0,1560720.1,0,0,0,1968210.9,1360282.1,1980832.4,0,1327104.1,2567018.5,0,2834411.5,1632617.9,1157036.6,1677049.8,3047376,1320541.8,0,2413402,0,3964239,0,10629959,2530369.3,0,2543125,3517716.3,2191105.3,3236618.3,6262003.5,2992380.5,0,15416033,1628393.6,0,2160584,2377536.3,0,2304526.3,0,0,3485655,0,1158801.4,4607899.5,1351259.6,3205749,2523426.5,1511973.1,4242986.5,0,2836950.8,6091230.5,3111306.3,5309330,0,3083581.5,0,0,0,3998798.3,2203390,5763078,3195320,3833280,3224437,1618045,0,2738997.5,0,1576778.5,3625040.5,5174826.5,0,8260620,2628084.3,0,0,0,4340178.5,1566936.5,0,2858461.8,4085735.5,1666042,4293116,3355654,3801121.3,2828323.5,1265453.6,0,7714385,5214803.5,1767305,0,4125505,0,5118355,0,2727913.8,1838903.8,0,1719703.3,6615377.5,5269434,2576921,4250148.5,2887812.8,2575504,0,2527985.3,0,2381122.8,1710928.4,1629022.3,5431534.5,7550501,9121924,3790983.5,7327887,3939052.5,5508855.5,2757970.5,2728797.5,2746293.5,0,2061845.1,7661821,0,0,11998015,5130057.5,0,2368388.8,1598343.9,4476303,1853889.4,2929603.8,2399694,3470843.8,2778117.8,0,3870764.3,4256873.5,1326951.6,0,5940859.5,4346501.5,3032209,3951770.8,1378205.6,6692512,1660073.3,1342373.6,9513128,0,0,2577577.3,0,4403851,0,4018297.5,0,4435545,2167393.8,0,4631611.5,0,2914839.8,0,2537273.3,2333425,3963641,0,0,2597547.3,2529459.3,3759712,2044519.9,2756612,4576271.5,2053561.6,3489618.5,4351218.5,2869382.3,3816077.5,3603279.3,2947612.3,1885219.5,4298157.5,1876660.8,5275450,0,3499578,2784178,3642297,1754733.6,3657005.3,3312948,2374301.8,4509348.5,2111659.3,2873874,3585048.8,0,3888515.5,0,2207474.3,0,2998207.8,0,2492195,2795817.5,2160267.5,2913426.3,3390963.8,0,1416882.5,17072988,1752003.6,2688907.5,2226415.5,3170550,0,2458715.8,2908770.5,0,0,2745802.3,2499536.8,2910522.8,3468692.5,2657547.5,3766034.5,0,0,2949261.8,3555476.8,2298381.5,2506772.8,2634267.8,3292057.3,1831840.5,2415402.5,0,2701814.3,2583961,2904992.8,0,2160458.5,2710354.3,2278146.8,1578250.8,1885889,1756734.8,2087945.5,0,0,2420686.8,1711575,2598293.8,0,3675550,1775526.5,1555302,2790250.3,1874284.5,4573038.5,1548662.8,0,0,1793000.1,1705734.5,1598605,0,1905872,0,1982108.3,1862237.1,2165861.3,0,0,0,3224090.3,1826850.3,2713130.3,1518042.8,1987042.8,0,2005397.8,0,0,4307784.5,0,0,0,0,0,0,1701934.3,0,1847745.4,0,1790019.1,1648458.1,0,1592000.8,0,1471845.1,0,0,0,1475116.6,0,0,0,1811296.4,2113893.8,0,0,1512585.6,3887246.8,0,0,1541025.9,7453095,0,0,0,0,1559366.1,0,1541639.6,0,2171065.5,1719641.9,1761116.6,0,0,1512799.3,0,0,0,0,0,1376366.8,0,1776944.1,0,0,2160057.3,2068957.6,0,0,0,0,0,0,0,0,2086152.3,0,1498000.6,2523593.3,0,0,0,0,1413880.4,0,0,0,0,0,0,0,0,0,0,0,0,3671035.3,0,0,0,0,0,0,0,0,0,0,0,0,0,0,2482006.3,0,2531468.3,0,0,0,0,0,0,0,0,2037240.9
Kelly_34,T_0,0,1056232.6,1370027.1,0,0,0,0,0,3080632.8,1344704,0,1542376.4,0,0,0,0,1283828.4,0,0,0,2195555.3,1387671.8,1752221.5,0,1432297,2246462.3,0,2729385.3,1729485.3,1509497.5,2654768.5,3847153.8,1219263.3,0,2147891.5,0,4494106.5,0,13090054,3118838.8,3258563,3394493,4013757.3,2825390.8,3735223.8,5512873,3636402,0,18750626,1798827.3,0,2555545.3,2329688.3,0,3071557.3,0,0,3594288.5,0,2018319.3,4951578,3268098,2968988.5,2273912.3,0,4967297,0,3897180.3,6827365,3822400.3,5141321,1546265.9,3163940.5,0,0,0,4197575,3121829.8,7866542.5,3076750.8,4952727.5,3605113.3,1980034.3,0,3602533.8,0,0,4331032.5,5010450,1320708,9726479,3100688,0,0,0,4644899.5,1669418.8,0,3207728.3,4261434,1627209,4310091,3628629,4662888,3169386.5,0,0,9430156,7021710,1808563.4,0,4094247.5,0,5482332.5,1729928.1,2077588.8,2094274.8,1542351.4,2101759.8,6605426,5255349,2935023,4676345.5,2944309,2971967.5,1391727,3331451.8,0,3171754,0,2102211.8,5655839.5,6954564.5,10235011,3632262.3,8586382,6706892,7210710.5,3299093.3,3237151.8,2641757.5,1874328.5,2001317.5,7752795.5,0,1545853.1,15333012,5208735,0,3727573.8,1765848.9,4849888,0,3042581,2842399.3,3764562,3571036.3,1336458.5,3944332.8,4544490,0,0,6220306.5,4738588.5,3234881.8,4234316,1333099.8,7832174,3535480,2110100.3,10599574,0,0,3039931.3,1429164,4582121.5,0,4661506.5,0,4302605,3256086.5,0,7754012.5,0,3157287.5,2204717,3284231,3858670,3591415,0,0,3347160.3,3582689,5258428,2205380.8,3198605,5636762,2394225,4241972,3906557.8,2511800,3663296.3,3718804,2509683.5,2971003.5,4992295.5,1514799.1,6046419.5,0,4538888.5,2810261.8,4298653,0,3288355.3,4626730.5,2739874.3,5336745.5,3241648.3,2335266,4322345,2034735.6,4830619.5,1462690.1,2182414.8,0,2296796,0,2316602.5,3461952.8,3311771.3,3335329.5,3549688.3,1830398.5,1862831.9,22825810,1534632.9,3055430.3,2496657.3,4241559,0,2717665,3356135,0,0,3692336,2546998,3905662.8,4342883.5,2251183.3,3973557.3,0,0,2462466.5,4543240.5,2064466,2952792.3,3510366.5,3626410.3,2258864.5,3774213.5,0,3150627.5,2462856.5,4198543,0,2163193.3,3180032,2399598.8,2040693.5,1642728.9,0,1656162.3,0,0,2780898.8,2075881.8,2945125.3,0,3955820.5,1857139.5,2289649,3133940.5,1791734.5,6535672,0,0,1639813,1711601.8,1856779.9,1868561.5,0,2491542.3,1595421.5,2650660.8,2038699.9,3119539,0,0,0,3258162,1733433.3,2499392.5,2389182.3,2097349.5,0,2827849,0,1607630.1,4375504,1866193.6,0,1540815.5,0,0,0,0,1412036.1,1745867,0,1794875.8,1645378.5,1481439.8,2224814.5,0,0,0,0,0,2180152,0,0,0,1428102.6,3382156.8,0,0,1531860.1,4631770,0,1631764,0,9740832,2400081.5,1886044.9,1433990.6,0,0,0,0,0,2069758.6,1978373.6,2332170.3,2116878.3,0,0,0,0,0,0,0,0,1675388.6,0,0,2231874.8,0,0,0,0,0,0,1727758.8,0,0,0,2543345.5,1481158.8,1685035,2760843.3,0,0,0,0,0,1396522.6,0,0,0,0,0,0,0,0,0,0,0,3390504.8,0,0,0,0,1616327.6,0,0,0,0,0,0,0,0,0,0,0,1877578.3,0,0,0,0,0,0,0,0,2136715.3
Kelly_35,T_0,0,905408.1,1076111,0,0,0,0,0,3008764.3,0,0,1354853,0,0,0,0,0,0,0,0,2025935.3,1158860.9,1323412.1,0,1378026,2094984,0,2468156.3,1937005.5,1211094.6,2087750.5,3512379.8,0,0,2187798.8,0,4510228.5,0,11845648,3144711.5,0,2726563,3248531.5,2465630.3,3382118.5,5348646.5,3327278.5,0,16271074,1614825.8,0,2121615.5,1944110.9,0,2514085.3,1209689.9,0,3769872.3,0,1851753,4607344.5,2537671.8,2863761,2513351.8,1096777.6,4207565.5,0,2839296.5,5661958,3002422.3,4631100,1380963.3,2760554,1128303.5,0,0,3845372,2980909.3,6217779,3034983.3,3323245,2801830,1402539.9,0,1843690.4,1201288.4,1695795.4,3776823.8,4146855.5,0,8447011,3175340,0,0,0,3469905.3,1257272.6,0,2614817.5,4042282.3,1440777.8,3557387.8,3399700.8,4611588.5,2694662.8,0,0,8125455.5,5756946,0,0,3294387,0,5026562,0,2883420,1992115,0,1850401.1,5350152,4356494.5,1947151.6,4069915.5,2676386.5,2233518.3,0,2995514.3,0,1825720.8,0,1724374.5,4563891.5,6107397,9297821,3332000.8,7679913.5,5483074,6113870.5,2893543.8,3096820.3,2405261,0,1925169,7096814,0,1363514.1,12201082,4484229.5,0,2703115.8,1327375.5,3586839.5,0,1693080,2327971.8,2573854,3548201.5,1487514.8,3445405.3,4054903.5,0,0,5159385.5,4424164.5,2934336.5,3907659.5,0,6010529.5,2946732.5,1669882.4,8520957,0,0,2175826.5,0,3870684.3,0,3529249.3,0,3844182.8,2093153.3,0,7191185.5,0,2996423,1289975.5,2556242.5,2803046.3,3373936,0,0,2169215.3,3231113,4157332,2125725.5,2752406,4890020,2222000,3036585,3705773,2502051.5,3427756.8,2420895,3207071.8,1846696.8,4269464,1475233,5484428.5,0,3113821,2879806.5,2938183.3,0,2860836.8,3957549.5,1935102.6,4964615.5,2615056,2227933.3,3227365.8,1883886.4,3712183.5,0,1793165.3,0,2516509.5,0,2195932.8,2259428.8,2061214.9,3086759,2740571.8,2156899.8,2232901.3,18910484,0,2357769.5,1624993.1,3133352.5,0,2533178,2609473.3,1343233.3,1747121.8,3136204,2089171.1,3936343,3178690.5,1931817.9,3453488.3,0,0,2069392,3157910.3,1563623.8,2496238,2966772.3,2997821.8,2202180,2406283.5,0,2134839.5,2102876.5,3178593.8,0,1550717.6,2468738.8,2168981.8,0,0,1494179.8,1760411.1,0,0,1726342.8,2002315,2933355.5,0,3091567.8,2067571.9,1373518,2192720,0,6261074,0,0,1508398,1607922.3,1865472.1,1692163,0,1652686.3,1379733.8,2605721.3,1717083.9,2391391.5,0,0,0,2153498,1673245.5,2137121,1431255.3,2239706.8,0,1828752.8,1475732,0,3378757.8,0,0,0,0,0,0,1927248.8,0,1362683.6,0,0,1441700.6,0,1391945.1,0,0,0,0,0,1447641.9,0,0,0,0,2143615,0,0,0,3599396.5,0,0,0,7575755,1762668.5,0,0,0,0,0,0,0,0,0,1906548.8,2015782.8,0,0,0,0,0,0,0,0,0,0,1617747.1,0,1959125,1576855.6,0,0,0,0,0,0,0,0,2159962,0,0,2189462.5,0,1479016.4,0,0,0,0,0,0,0,0,0,0,0,0,0,0,0,3028100.5,0,0,0,0,0,0,0,0,1921322,0,0,0,0,0,0,0,0,0,0,1745454.6,0,0,0,0,0,0
Kelly_36,T_0,0,1443688.6,1005523.1,0,0,0,0,0,3596646.8,0,0,1585589.5,0,0,0,0,1326202.5,0,0,0,1594977,1680195,1679817.8,0,1217221.6,1759052.4,0,2868971.5,1457383.9,1339724.6,2750396.5,3714486.3,1670596.3,0,2211027.8,0,5219312,0,11326480,2778674.8,2214024.5,3068311.3,3481772.5,2550980.5,2945742.3,5982947,3208940.8,0,17679614,1980422.8,0,2422546,2196243.8,0,2859793.5,0,0,4244746.5,1118859.5,0,4550399.5,2393841,3219614.3,2393213.8,0,4199558.5,0,2472549.3,6770286,4019788.3,6251605,0,2305587.5,0,0,0,4296161,2701765,6613454,3797428.5,3995581.5,3964327.5,1712560.4,0,3092382,0,2011530.5,3151761,5158306.5,0,8979387,2976730.8,0,0,0,4621973,2399158.8,0,2568407.3,4934882,1568555,4423469.5,3305272.3,3576714,2937740.5,0,0,7130097,6180852,1532000,0,3664311.8,1273903.8,5048382,1692090.1,2851016.5,1859912.3,1362006.8,1844697.4,5635313.5,4265864,2160658.5,4453918.5,2047144.8,2688692.8,0,3425598,0,1298100.8,1541315.3,0,5183896,6408927.5,8133983,4542818.5,8193386.5,3587046,6900721.5,3288168.3,3146355.8,2900197,0,1746011.6,7765624,1308577.4,1725860.6,9302213,5259472,0,2471699.8,0,4548382.5,1826646,2971992.5,2484066.8,2936210.8,1638812.9,0,2303426.8,4351479,1628401.6,1633783.9,6345729.5,4131850.8,3174412.8,3295766,0,7175184,2079257,0,6831626.5,0,1492210.9,1462781.9,1786071.5,3658176.5,0,4014494.8,0,2909038,2956150.5,0,3703615.8,0,1822987.9,0,2583541.3,3309474.3,2895786,1510528.4,0,2664787.3,3069787,3360513,1898248.8,3276960.3,4168875.8,1353811.8,3596269.5,3892625,2108203.8,3294003.3,2592249.5,3046092.5,2616532,3543660,0,3801099.3,0,3658557,2299092.3,3829979.8,0,2959475.3,2754682.8,1915914.6,3502098.3,1985049.8,1897385.5,2706353,0,3854152,0,0,0,2363925.5,0,2622378.8,2102706,1912646.6,2264910,2508513.8,0,2227131.3,15348348,0,2635065.3,1450183.6,3012815,0,1557852.3,3140195.5,0,1915604.9,2390511.3,2265590.8,3029376.8,3250720,0,3518378.5,0,0,1669420,3191091,0,2732722.5,2289337.5,2150959.8,2304054.8,1873841.8,0,1860126.5,2013071.8,2931606.5,0,0,1905419.9,0,0,1647078.6,1388207.8,1873427.5,0,0,1816428.8,1773939,1885377.5,0,2446535.8,0,0,2381338.8,0,5059613.5,0,1481576.6,0,2356382.5,1449140.1,2533560.8,0,0,0,1686326.4,1425002.5,2037872,0,0,0,1890712.1,0,2802595.3,0,1451466,0,2086890.1,0,0,3235591,0,0,1418789.5,0,0,0,1444396.1,0,1914666.3,0,1530395.3,0,2074756.6,0,0,1825645.1,0,0,0,0,0,0,0,0,2324240.8,0,0,1485758.6,3691969.8,0,1508962.1,0,5025384,0,0,0,0,0,0,1391100.9,0,1956710.4,0,2641352,0,1411652.9,0,0,0,0,0,0,1555915.1,0,0,0,0,2007329.4,0,1491864.5,0,0,0,1510152.6,0,0,0,2141343.3,0,0,1799372.1,0,0,0,0,0,0,0,0,0,0,0,0,0,0,0,0,0,3198141.5,0,0,0,0,0,0,0,0,0,0,0,0,0,0,0,0,1749569.8,0,0,0,0,0,0,1837424,0,0
Kelly_37,T_0,0,1660172.3,1694109.4,0,0,0,0,0,2303957.8,1155918.3,1079746.3,1617845,0,0,0,0,1439591.4,0,0,0,2191120,1162768,1842583.3,1134630.1,2214957.5,1388746,0,3213434.8,1805200.5,1458800,2658645.5,4006208,1086577.8,0,2946030.5,0,4657889.5,1232332.4,11384019,2852544.8,3355226,2477892.3,4236338.5,2290170.3,2715650.5,6413761,3296713.3,1073445.9,19209086,1709189.3,0,2740270,2804196.3,0,2497894.8,0,0,4007648.3,0,0,4596305,2223034.8,3417542,2317078.3,1199128.3,4135196.5,0,2336362.5,6619760.5,3243965.5,4976579.5,1344008.4,2793744,0,0,1135073.8,4730117.5,2496090.3,6341216.5,3472313.8,4544448,4184862.8,1959973.3,0,3499146.5,0,0,3375740.8,5129752,0,9515968,3575157.5,0,0,0,4903120,0,1280971.6,2652877.8,4744919.5,1554404.5,4088550.8,3858672.5,5112590,3468048.5,1175066.6,0,8299848,6210890.5,1627537.5,0,4316839,0,5206309,1620640.4,3237806.8,2422324.3,1411395.1,2296018.3,8220183,5251277,2320765.3,4695946,2548287.8,3699276.5,1336823.4,3629319,1270036,2141107,1550274.9,1512914.8,7465973,8034654.5,9810981,3911721,8246322,3604217,7219974,3008461.5,3471834.8,3574945.5,0,2418547.8,10340281,0,2424091.8,12393073,5404286,0,2676528.8,1975092.8,4823357.5,1768935.4,2877418.3,3143670.8,3537564.8,3085481.3,0,3342152.3,4204151,1376686.6,0,7849217,4819213,3656592,4182939.5,0,7512599,2006050.6,0,7988374,0,1975039.8,2199309.8,2138657.5,4221907,0,3742258,0,2817150.3,2145417,0,4044492.5,0,1868562.4,0,2487222.8,3247046,3427279.8,0,0,2972117.8,3130335.3,3290075.8,1911780.9,2910154.5,4911576,1493194.5,3232165.3,4167556,2236752,3772760.5,3231795.8,2578714.5,2674466.5,4502746.5,1556194.3,5731983.5,0,3958222,3079004,3573603.3,0,3372263.3,3003118.3,1966690.1,4137577,2038895.9,2249691,3813345.8,0,4396363.5,0,2112691.5,0,2911076.3,0,2606770,3107512,2913279.8,2570757.8,3017032.3,1502030.1,2073076.3,17991308,1896395.3,2272822.3,2173798.5,3625836,0,2526874,3887263.5,0,0,2909644,2351569.5,3321597,4178565.5,2600369.8,3471287.3,0,0,2679013,3191018.5,2061844.9,3330586.5,3126816,2443084.8,1815378.4,3263623.8,0,2890311.8,3230094.5,3579284.5,0,1703136.9,3018471,1896504.6,1694270.9,1700245.4,2054224.9,1664952.5,0,0,2164508,2026786.6,2669185.5,1478278.6,2657928,1658510.6,0,2713074,1830387.9,5585397.5,0,1675100.9,0,0,1621707,0,0,1743412.9,1793946.9,2123169.5,1986053.9,2587404.5,0,0,0,3353192.3,1919598.6,2724469,1436110.1,2067412.5,0,2026288.6,0,2269836,4093581.8,1540495.1,0,1422644,0,0,0,0,1417157.8,1947083.6,0,0,1456909.3,1531794.9,1523777.6,0,1799369.5,1435060.5,0,1420869.6,1412810.8,0,0,0,0,2298326.3,0,0,0,4002006.8,0,1459138.8,0,7435723.5,1497771.5,0,0,0,0,0,0,0,2418301.5,0,2459938,0,0,0,0,0,0,0,0,1454255.9,1652913.9,0,1486388.6,2190988.8,1735394.4,2162485.8,0,0,0,0,0,0,0,0,2519668,0,1637027.1,2132498.5,0,0,0,0,0,0,0,0,0,0,0,0,0,0,0,0,0,3438092.3,0,0,0,0,0,0,0,0,0,0,0,0,0,0,0,0,0,0,0,0,0,0,0,0,1908735,0
Kelly_38,T_0,888760.1,966922.2,1778557.5,0,0,0,0,0,2693924.5,1236450.4,1053247.4,1585818.4,0,0,0,0,1578875.8,0,0,1001649.5,2561887.5,0,1627325.3,1215012.6,1803051.4,2253729.8,0,3413293,1540541.6,1559423.1,2809416.3,4656920,0,0,1667693,0,4167757.3,0,11755054,3135501.3,0,1423467.1,3347285.8,2663704,2905888.3,6437595,3325155,0,19678358,1885597.4,0,2672198.3,2286856.5,0,2932883.3,0,0,3464726.8,0,0,5796756,2657547.8,3403084.8,3193523,1256372.9,4440761.5,0,2867231.5,7327782,4048780.5,5636499,0,2734843.5,0,1127908.9,0,3520849.8,2532042.3,6859985,4232784.5,4296279.5,4419550.5,2451429.5,0,3455860.8,0,1259807.3,3955237,5176821.5,0,9791445,3423683.8,0,0,0,4397589.5,1745461.1,0,2678870.3,4343905,1559985.9,4914868.5,3851455.5,4074786.3,3327780.8,0,1396128.4,8194979.5,6326182,1745460.1,0,3983896.5,0,5289178,1675924.4,3162532.3,1794150.4,2039414.4,1750846.8,6206188,4955600,2072231.8,4546741,2960269,3399578.3,0,3174513,1357438.3,3081521.8,1477954,1247570.3,6768007,7793395,9125304,3634620.3,8242629,4126850.3,6691983,3030339.5,3546960.3,3282426.3,0,1989285.5,9162806,0,1813615.9,13054619,5058214,1416439,2760441.3,1671420.8,4890884,1750593.9,2663236.3,2708814.8,3953019.3,3075461.3,0,2805663,5062563.5,0,0,7453068,4754837,2728815,3229559.5,0,7007556,2033996.6,0,8597261,0,1635264.1,2210505.8,0,4608025.5,0,3676602.5,0,3903309,2602324.5,0,4500704.5,0,2771567.3,0,3030137.8,3320311.8,3386878.8,0,0,2665342.3,3061637.3,5009671,2093326.1,3196552.3,4098707,2037283.8,3464622.3,4577099,2547432,4253935.5,2403770.5,2851989,1855132.9,4479052,1791572.1,5056014,0,3721641.5,2811784.3,4068241,0,2949499.5,3869060.5,2108272.3,4312953.5,2093442.9,2896247.8,4140417,0,3740551.5,0,2253726.5,0,3072974,0,2469865.8,2857459.8,2398226,2692124,3037755.8,2268741.8,1910625.1,15244902,1691534.6,3282121.8,2278111.5,4084457,1713628.5,2155769.5,3756291,0,0,2786060.8,2315030.5,2673944.3,3227378,2765002.3,3600595,0,0,2392733.8,3826342,1700442.3,2959458.3,3753066.3,2549775,1869846.9,2760627,0,2953249.8,2691952,3107190,0,1962158,2817715.5,1998293.8,1658330.9,0,2262736.5,1687726.6,0,0,1988218.3,1894013.9,2975032.8,0,3401020.3,0,0,2308592.5,1455345.5,4772338,1537781.3,1593498.4,1983645.4,0,2006844.6,2288446.8,0,1950677.4,0,2689641.5,1744118,2255096.5,0,0,0,3074431.3,1988481.6,2240900.3,1889288.8,1785355.3,2200721.3,2011793.8,0,0,3935002.8,1531931.4,0,1461810.8,0,0,0,1748167.1,0,0,0,0,0,1545804.5,0,1406201.8,1755389.1,0,0,0,1748433.5,0,0,0,0,2090177.4,0,0,1511358.3,4327363,0,0,0,7641304,0,1739266,0,0,0,0,0,0,2137314.8,1790576.5,1784440,2062361.9,0,1573671.3,0,0,0,0,0,0,0,0,0,1838953.4,1797417.5,2365666,0,0,0,0,0,0,0,0,1835263.4,0,1456044.1,1991261.1,0,0,0,0,0,0,0,0,0,0,0,0,0,0,0,0,0,4401803,0,0,0,0,1744872.3,0,0,0,0,0,0,0,0,0,0,0,0,0,0,0,0,0,0,0,0,0
Kelly_39,T_0,0,1310209.6,1728515.9,948317.6,0,0,0,0,1710180.1,2062294.3,0,2034045.5,0,0,0,0,1606760,0,0,0,2544041,2082070.5,2192413.5,1163677,1994916.1,1862452.5,0,3055580,1829610.1,1431502.4,2576059.3,4665007.5,1415443.5,0,2359193.8,0,4172448.5,0,11786408,3985069.5,0,2549645.3,4812426.5,3036272,4128888.8,6327894,3228766.8,1323851.3,18401330,1650235.3,0,2889220.5,3234593.3,0,3650248.5,1244438.4,0,4921959.5,0,3439606.8,6071295.5,2835857.8,4076062,2631068.8,0,5305252,0,3148578.3,6706473.5,3756712.5,5594799.5,0,3424816.8,0,0,0,4767956,2891879.5,7494255,3596809.8,4783121.5,4855220.5,2066364.3,0,3945321,0,1290645.4,4405915.5,5660816.5,0,9363094,3280557.8,0,1335488.9,0,4182451.3,1480939.5,0,3790373.8,5348401.5,1678006.8,4741817.5,4212421.5,4823390.5,3601761.5,0,1266710.1,9681946,7368732.5,1826022,0,5272453.5,0,5855881.5,2216070.5,3911064,2358430,2088879.6,2677693,7911929,6233383,2756680,6126678.5,2613624.5,3248007.3,0,3990184.5,1653943.1,1643698.3,2098116.3,2227158.3,5772924.5,7745551,11965216,2650916.5,9315118,7870007.5,8455750,3350342.3,3787092.3,3189322.5,2366258,2514754.5,9512885,0,2172180,19761764,5298800,1358089.4,4414732,1971215.9,5610776,2289566,2914208.5,4117420.3,4090400,4094507.3,0,3784843,5786903,2275873.3,0,7963456,5632842,4886882.5,5923180,0,7927668.5,4422526,2376564.8,10250615,0,1864031.4,3093866.3,2416194,5010203,0,5364967.5,0,4613792,2978984.3,0,10636374,1371486,4165122.5,1615269.3,3247180.5,4800971.5,3758546.8,0,0,3906380.8,3631955.8,5903561.5,1741520.4,3052088.5,6109762.5,2188216.8,4488482.5,4823701,3316737,4690951.5,2058424,3833203.8,3066234.5,4893415.5,1616622.4,5778525.5,0,5160775,3635391.8,4169926.8,0,4235843,4873802,3231682.5,4803529.5,4917200.5,2717004.3,4036947.3,2797402.5,4331225,1756639.9,2541672.3,0,2908034.5,1541707,2927377.5,4177177,3374761.5,3740337,3926083.3,2742858.8,0,18274782,0,3975851.3,3068994.8,4278346,0,3660258,4119017.5,0,0,4487041.5,2860937.3,4230433,4106738,2864520,4455311.5,0,0,2218788.5,4754732,2482872,2940607.5,4095687,4665426,2402393.3,3269097.8,0,4047514,3218466,3671081.3,0,2327470.5,3971509.5,3265336,1949503,2025662.1,2356149.3,2161456.5,0,0,3165857,3204263.8,3993613.5,0,3624980.3,1561626.8,1928059.9,2313599.3,1801345,5893506.5,0,1643237.5,2620652,0,2481226.3,0,0,2540965.8,2029305.4,2955007.8,2400333.8,2774099.8,0,0,0,3751318,1917339.9,2230689.8,2214622,2717412,1951774.5,2215967.8,1569317.5,0,3797337.5,2053466.9,0,1502643.5,0,0,0,0,2662898.5,2330615.8,0,1987337.3,1620750.3,1652097.5,2247704,0,2330764.5,2490122.3,0,0,1602038.5,0,0,0,1469909.6,2667737.8,0,0,1444783.5,4005299.3,0,0,1464959.8,7382659.5,2967362.5,1755977.5,0,0,1498967.8,0,1631738.1,0,1753236.9,0,2392872.8,1484726.1,0,0,0,1434546.1,1460148.3,0,2006571.9,1452959,0,1816050.5,2147940,2131670,2297673.3,2137534.5,0,0,1457970.6,0,1489088.3,0,0,0,2391349.8,0,1743721.8,2678841.3,0,1625361.6,0,0,1764528.5,0,0,0,0,0,0,0,0,0,0,0,0,3536064,0,0,0,0,0,0,0,0,0,0,0,0,0,0,0,0,0,0,0,0,0,0,0,0,0,0
Kelly_40,T_0,0,0,1474892.3,0,0,0,0,0,1764873.4,0,0,1551371.6,0,0,0,0,1315571,1065557.5,1048767.8,0,1774772.9,1544710,2014732.3,0,1067124,1952484,0,2921833,1371619.4,1408416.6,2325606,4596019,1628306.8,0,2169222.3,0,4935785,0,13440590,3379250.5,2609347.5,3864751.5,3874208.5,2731376.8,3135353.3,7247684,3467596.3,1070128.6,20686096,1628185,0,2568918.3,2591714,0,2242441,0,0,4060457.8,0,0,6131909,3640923.3,2903285.3,1965687.6,1629305.8,4546686.5,0,2618879.5,7313926.5,3669382.3,5178253.5,1118724.3,3670285,0,0,0,4397466,2199838.8,6474534,3774125.5,4315316.5,4397631.5,1982791,0,3786198.3,0,1383503,4032596.3,5216265.5,0,10910151,4120461.8,0,0,0,4373238,1376239.3,0,2183912.5,4398322,1346285.6,4198128,4440825.5,4506880,3593986,1251339.6,0,9300764,8504095,1387331.1,0,3784660.5,0,5294621,1244255.5,3369068.8,1444789.9,1345219.1,2154770.3,5978572.5,4291639.5,2286235.8,4673191,2479374.5,4364570,0,4047748,1263503.4,2200032,1807341.9,0,6243744.5,6857438.5,7513422.5,4430162,7654746,2932682,6480853.5,3118661,2820688.5,3550399.3,0,1934648.1,7642742.5,1594538,1630381.5,8947929,4983012,0,2533698,1790789.6,5439309,1855140.1,2588582.5,3021233.5,3608069.8,2679312.8,0,2369119.8,4025074.3,0,1384972.5,6386993,4293947.5,3091828,3428222.5,1514415,7050673.5,2280891.8,0,7008232.5,0,0,1899033,1526286.1,4065879.3,0,3539572.3,4792691,2970240.8,2521738.3,0,4128911.8,0,2482327.8,1298200.4,3296342,3064879.5,3627576.3,0,0,2545673.8,3033618.3,3788764,2093028.4,3432857.5,4656550,2341223,3548435.3,3697347.5,1778787.3,3590250.8,2594609,2613761.8,3388937.3,3306391,1619358.3,4017443,0,3197972,2659709.3,4409732,0,2470116.5,3288811,1936445.5,3827779.8,2319946,1824661.5,3454363.8,0,3342054.8,0,1464369.6,0,2358958.8,0,1969637.4,2270187,1661726.3,2297635.8,2442324,0,1979639.3,15639432,0,3469073.8,2006076.6,2983490,0,2016109.9,3401075.3,0,0,2456736.5,2166950.3,2205141.3,3260285.3,1498810.8,3249344.5,0,0,2220547.3,3364361.3,1653067.5,1948497.6,3275607.8,2924704.3,1850534.5,2173948.3,0,2005046.5,2339758,2669493.3,0,1382198.9,2237758,1852617.1,0,0,0,1857363.8,0,0,2064639.8,2023175.6,1948847.5,0,2470583.5,1891007.4,0,3455598,0,4356722,0,0,0,0,0,2491369.8,0,0,0,2638167.8,1512201.6,2827025.5,0,0,0,1709752.5,1417408.4,2366664.3,1859179.1,2169459,1563415.3,2250264.8,0,0,3266494.8,0,0,0,0,0,0,1421694,0,1418243.9,0,0,1771390.8,0,1733351,0,1399428.8,0,0,0,1690383.4,0,0,0,0,2597172.3,0,0,0,3912263.3,0,0,0,6789959.5,0,0,0,0,0,0,0,0,1930155,0,1718318.4,1928356.1,0,0,0,0,0,0,0,0,0,0,0,0,2124732.3,0,0,0,0,0,0,0,0,0,2632542.5,0,0,2452000.5,0,0,0,0,0,0,0,0,0,0,0,0,0,0,0,0,0,3184100.5,0,0,0,0,0,0,0,0,0,0,0,0,0,0,0,0,0,0,0,0,0,0,0,1591384.3,2039083.3,0
Kelly_41,T_0,0,1757779.9,1970369.4,1311519.5,0,0,0,0,3390368.5,1014041.8,0,1469924.5,980513.1,0,0,0,1734875.3,995933.5,0,1051665.1,2274612,1628379.8,1875427.8,1038364.9,1570725.3,2445166.5,1084407,3763534.8,2092590.4,1827394.4,2390876.8,4379515.5,1206745.5,0,2697198,0,4988942,1128995.3,13682218,3561024.3,3375163.5,3330866.8,4451373.5,2716169.5,4960274,7184352.5,4119528.8,1343691.4,22875560,1546927.5,0,2775901.3,2556417.3,0,3792755.8,1326245.5,1139792.9,4674264.5,0,2862634,6474801.5,3479935.8,3972395.8,2660953.5,1672027.1,5986911,0,3106185.5,7907215,4521143.5,6944957,1624543,3385317.8,0,0,0,4414836.5,2768042.8,7990960.5,4288493.5,5481459.5,4741433.5,2439999.5,0,4091023.3,0,1488466,4773975,5634549,0,10943398,3909996.3,0,1468212.5,0,4634964.5,1869677.9,1209224.4,3336586.8,5444501.5,1657059.1,4979173.5,4304369,3479127,3462233.5,1522021.1,0,7583458,6766308.5,1388674.5,0,4952503,0,5679261.5,1424257.1,4163474,2093697.4,1746578.5,2114444.3,7166888,5468873.5,3059168.3,5609966.5,3553544.3,3872023,0,4151345.5,1553728.1,3252022.5,1748808.4,1585498.3,6158331.5,7477645.5,10568861,5005473.5,8324267.5,7983028.5,7684034.5,3870403.5,4252369.5,3862984.8,2046641.6,2072258.4,10113337,0,1384601.6,16856042,5775350,0,3464851.3,2492567,5376671.5,1950757.1,3015463.8,2976563.5,3866534.8,2966450.3,0,3723280.8,4699801,1504930.6,1446825.5,8436928,5975242.5,3878624.5,5658346,0,8569072,4798713.5,1540590.5,8585969,0,0,3041506.5,1740729.5,5591185,0,5320285.5,4641588.5,4444183,3127838.8,0,9563599,2104278.5,3917693.5,0,3119584,3865449.3,3789680.3,1494580.8,0,2886902.3,3222781.5,4811393,1873544,2412031.5,4790282,1807762.6,4291344.5,4667546.5,2664991.5,4820519,2406628.5,3226543,2985398.3,4342082.5,2049609.8,5343963,1476262.6,4123154.3,3292086.3,4842430,0,3637608.3,5562736,3482392,4679456,4247336,2447060.8,3645660.8,2071268.9,4131478,1611934.1,2403419,0,2771424.5,1571523.8,2658212.8,3100077.3,2876786.8,3086203,3813697,1670473.5,1847862.3,16357136,0,3141736,2516008,4198960.5,0,2784237.5,4040693.5,0,0,3741103,3185591,2947948.3,3586167,2457109,4504092.5,0,0,2739635.3,3836858.5,2030913.9,2885449,2989392.5,3849935.3,2059478.4,2532947.3,0,3178646.3,2830824.5,3330542.5,0,2042676.5,3279674.3,1819252.3,2111098,1562536.3,1996775.8,2170108.5,0,0,2393091,1554439.8,2777857.3,0,2600197.8,1781002.4,1999867.8,2925566,0,5049344,0,1715950.6,0,0,2207706.3,0,0,2335933.3,1450648.5,1967004.5,1423986.5,2482806.5,0,0,0,3475780,1933127.8,2773323.5,1452053,2076184.6,0,2439906.3,0,0,3472811.8,0,0,1488180.4,0,0,0,1686520.8,0,1801404.4,0,1394556.1,0,0,1574464,0,0,0,0,0,1477463.8,0,0,0,0,1741349.8,0,0,1413875.6,4125943.5,0,1546693.6,0,6384077.5,2288288.5,0,0,0,0,0,0,0,1714475.9,0,1598499.5,0,0,1485595.3,0,0,0,0,0,1810745.6,0,0,0,1717910.6,2174383,1743560.3,0,0,0,0,2065744.9,0,0,0,2219423.8,0,1387725.4,2400217,0,0,0,0,0,1463765.3,0,0,0,0,0,0,0,0,0,0,0,3801127,0,0,0,0,0,0,0,0,0,1562251.1,0,0,0,0,0,0,0,0,0,0,0,0,0,0,0,0
Kelly_74,T_0.5,0,1954278.8,0,0,1373781.4,1315454.6,0,1476007.8,0,2387779.3,0,2603524.5,1070005.8,2030877.5,0,0,2616257.8,0,1620653,0,4317203.5,2082197.4,3023260.8,0,2484024.5,1310430,1049701.9,0,2606858,2097673.3,2053778.8,0,0,0,4100760.3,0,3850438.8,0,3512055.8,2102058.3,5238693,0,6345170,3106289,2674683,3231253.3,1672991.1,0,3929651.3,0,0,1632329.8,3826757.5,0,2599485.8,0,0,2104367.8,0,1349649.5,1206812.4,1242372,4742030,2563936,0,4287848.5,0,2251065,2518849.5,1282321.1,1576729.6,1308638.4,3042024.8,0,0,1471678.9,5653095,2962491.3,5774404,3103771,2777123.8,1801726.5,0,1342171.3,1155046,0,0,4797860,4636586,0,3577784.5,0,0,0,0,4399222.5,0,0,3089592,3962050.8,1798925.5,3292432,1872666.9,5183345,2774387.5,0,0,5836255.5,5927394,1589337.4,0,4017129.5,0,3022476.5,1304361.8,2220345,1713119.5,0,2180254.5,7205925.5,5261054.5,2403026,3505631.3,2342586.8,1445320.4,0,2281899.3,0,0,0,0,0,7635090,7834512,0,5781406.5,3740322.8,3953841,2319291.5,1451209.9,2522842,0,4592638,7868771,0,0,5567628,4589723,0,2276551.8,0,3694038.8,0,2433287.5,1766166.6,4386379,0,0,2068625.1,5744649.5,2797971.8,0,4882242.5,4402001.5,3598985.5,3279512.8,0,3453902.5,1970397.6,0,3925264.5,0,0,1726542.3,5002682.5,4741794.5,4687296.5,4149711,0,3793124.8,2195187,0,3519488.3,0,2281234.3,3929625.3,3925698.5,3482504.8,3483541.8,0,0,3300940.8,2073689.5,3089664.5,0,0,2109346.8,0,4727453,4409606,3235151,3305817.5,0,3255180.8,2720662.8,2750899.5,0,1758146,0,6270342,3846976.5,4123464.5,0,3158251,3168498.5,1856119.4,3503742.5,1619589.6,2244597.3,2658300,0,2589022.8,1488229.3,0,2581691.3,3353893,0,2477125.3,2835018.3,1994588.9,3153761.8,2676839.8,0,0,5439847.5,0,3748907,2998023.5,3587339.3,3084655,2480611.3,2574311.3,0,0,1940156.1,1806015.9,1690258.8,4188690.8,2719979,2963182.8,2367311.8,3435463.8,2047947.8,2173903.8,0,2302642.8,0,2285468.5,0,0,1639320.6,2350000.5,3271889.3,2501846.8,1731424.4,0,1734924.1,1819466.5,0,0,2377051.5,2034128.9,0,0,2131017.5,0,2556363,0,2616274,0,1794395.5,0,0,2949986.8,0,2135795.5,0,0,2318993.5,0,2424642.3,2568752.5,1920976.6,2290648.3,1539451.8,1919363.5,0,0,1584453,2406177.5,2202409.3,1886513.1,1752784.6,0,0,2216576.3,0,0,0,0,0,1631612.8,0,1514269.5,0,1647909,0,0,0,0,0,4317974,0,2621604.5,5298348,0,1694511.3,0,1783298.6,0,0,2171234,0,2045807,0,0,0,2687695.5,1819492,0,0,3167779,0,2116456.8,0,1981496.8,1620691.3,1795550,0,0,0,0,1692124.8,0,2822948.3,0,0,0,0,0,0,0,0,0,0,0,0,0,0,0,0,0,0,1909633,2836469.8,2473976,0,0,0,0,0,0,0,0,0,0,1669224.8,0,2408179.5,0,0,0,2586620.3,1727632.8,0,0,0,5266974.5,1553660.8,0,1727167.4,0,0,0,2042936.5,0,0,0,0,0,1728181.8,0,0,0,0,0,0,2079676.9,2802833.8,0,0,0,0,0
Kelly_75,T_0.5,0,1171519.5,0,1399595.5,0,0,0,1153985.8,0,1905269,0,1931033.4,0,2044773.6,0,1026181.3,1861172.3,0,0,0,2727085,1468818,1564440.6,0,1996439.9,0,0,0,1535707.6,1182025.4,0,1238216.9,0,1587223.6,2606116,0,2596436.3,0,1953674.3,0,3439984,0,3275189.5,2238193.3,1976571.6,2282038.8,1285185.3,0,2701947,0,0,0,2782548.3,1119869,1798281.5,0,0,1209531.9,0,0,1314923.4,1554456.4,3535992,2149010.5,0,2845340.3,0,1502901.1,1926079,0,1128672,1285865.8,9927926,0,0,0,3005758.3,2288976,2723161.8,1804394.8,1525876.5,1449861.1,0,0,0,0,0,3205614,2340361,0,2485540.3,0,0,0,0,2423459.3,0,0,1831867.9,2188997.8,0,2630880.3,0,2330372.3,1654022.5,0,0,3271980.5,15242031,0,0,2682319.3,0,2278404.8,0,1717053.6,0,0,0,6314281.5,2724213,1573562,2566596.8,1824014,0,0,2047590.8,0,0,0,0,0,5821821,6285279,0,3401706,2662481.3,2921052.5,1864649.4,0,1541191.5,0,16960972,6600031,0,0,3830769,3272701.3,0,2456725.8,0,2094242,1482302.9,1779265.8,1544014.1,3217908.8,0,0,0,3728923.5,2983272.5,0,3929813.5,2169058.3,2552735,0,0,2689130.8,0,0,2613047.8,0,0,0,5734209,3194761.3,2742854,1958994.8,0,2139404.5,1508377.5,0,0,0,0,16542022,2027304.3,0,1807299.4,0,0,2238025,0,1507535.9,0,0,0,0,3130892.5,2383457.8,1905821.9,2459304.3,0,0,1834975.4,1826556.3,0,0,0,3138809.3,2732751.8,2805464,0,2324125.3,0,1480786.5,2069594.4,1505634.3,0,0,0,1578911.9,0,0,12765497,2084391.9,0,2156434,1477016.8,2030842,0,2132570,0,0,3441074.8,0,3131797.5,2461399.5,2192093.5,3101552.8,1792542,1520163.9,0,0,0,0,0,1851010.3,2391503.3,1741269.5,1701994.3,2643746,1635624.4,0,0,1642888.4,0,0,0,0,5988061,1915875.3,2033531.3,1457282.9,2257475,0,0,0,0,0,0,0,0,0,1934857.9,0,1988332.9,0,1457653.8,0,0,0,0,0,0,0,0,0,0,0,0,0,0,0,0,0,2071620.6,1849414.5,1469005.4,2139458.5,0,0,1550618.3,0,0,0,0,0,0,0,3792491.5,0,0,0,0,0,0,0,0,0,0,5762355,0,2966662.5,5250700.5,0,0,0,0,0,0,1943924.5,0,0,0,0,0,0,0,0,0,0,0,0,0,2053195.1,0,0,0,0,0,0,0,0,2824715.5,0,1677053.1,0,0,1748872.8,0,0,0,0,0,0,0,0,0,0,0,0,0,2046936,3510775.8,1807864.6,0,0,0,0,0,0,0,0,0,0,2717522.8,0,3346116.3,2364986.5,0,2136385,2547930.3,0,2308844.8,0,0,6803228,0,1685841.4,1649335.8,1732279,0,0,2342251,1800927.1,0,2059673.3,0,0,0,0,0,0,0,0,0,3538380,2859469.8,0,0,0,0,0
Kelly_76,T_0.5,0,1372897.1,0,1286274.1,1001602.4,1137256.5,0,0,0,2596428,0,1698354.1,0,1604682.3,0,0,2013623.9,0,1240887.5,0,3830369.3,1999335.1,1742574.5,0,1283084.9,0,0,0,2174556.3,0,0,1463028.9,0,0,2881264.5,0,2079012.9,0,1960541.8,0,5098560.5,0,3756674.3,1994168.8,2215619.3,1693944.3,0,0,2466357.3,0,0,1395822.8,2740202.3,0,1618965.9,0,0,1555007.3,0,1302874.9,1163367,1128845.8,4144360,2260230.5,0,2445072.8,0,1216817,1729083,0,0,0,3441549.8,0,0,0,4648998,1885533.4,3299432,1839525.5,1717936,0,0,1169724.6,0,0,0,3545303.5,2094425.8,0,2452966.8,0,0,0,0,3116860,0,0,2369543.5,1608724.9,0,2758381.8,0,1907165.3,0,0,0,2584795.8,4184286.8,0,0,2702102.3,0,2328641.5,0,1326963.6,0,0,0,6638660.5,3572617.8,2081473.5,2197712.8,1398792.9,0,0,0,0,0,0,0,0,5993218,5896752,0,4181566.8,2474856,2706295,1846938.9,1416873.6,1498055,0,3204844.3,5502979,0,0,3849973,2854658.8,0,1856233.3,0,2173943,0,1898705.4,0,2442668.5,0,0,0,4160478.5,2934048,0,3843708.3,2585224.5,2015002.9,0,0,1835950,0,0,1823286.1,0,0,0,5095881,3891581,2476496.8,1842651.8,0,2178597.8,0,0,0,0,0,3092205.3,2299725.5,0,1718118.4,0,0,0,0,1794680.1,0,0,0,0,3713887,2326350.8,2000175.8,1951544.6,0,2024724,0,1524723,0,1599052.8,0,4280420.5,2983976.5,2642480.8,0,1622768.1,0,0,1639347.3,0,0,0,0,0,0,0,1852643.1,2534959,0,1941969.3,0,1572470.9,0,0,0,0,2820790,0,2300266.3,2614000.5,2344183.5,2362281.5,1707385.9,0,0,0,0,0,0,2714083.5,2165583,0,1559284.6,2223798.8,0,0,0,0,0,0,0,0,0,2032374,2122820.8,0,0,0,0,0,0,0,0,0,1562495.5,0,0,0,1904721,0,1482326.5,0,0,0,0,1484680.4,0,0,0,0,0,0,1482326.3,1778939.6,0,1705499.9,0,0,1579952.5,0,0,1786948,0,0,0,0,0,0,0,0,0,0,0,0,0,0,0,0,0,0,0,0,0,3584671,0,1858432.3,4346756.5,0,0,0,0,0,0,0,0,0,0,0,0,0,0,0,0,0,0,0,0,1464098.4,0,0,0,0,0,0,0,0,1976850.4,0,1569691.3,0,0,0,0,0,0,0,0,0,0,0,0,0,0,0,0,0,0,1536584.5,0,0,0,0,1931659.4,0,0,0,0,0,0,0,1792976.9,0,1439767.5,1460803.9,0,0,0,0,0,2863987.3,0,1565935.1,0,0,0,0,1640084.1,0,0,0,0,0,0,0,0,0,0,0,0,1763882.1,2056276.8,0,0,0,0,0
Kelly_77,T_0.5,0,1536166.1,0,1821759.3,0,0,1083630.8,1347366.1,0,2310115.5,0,2148899,0,2200789,0,0,2344425.5,0,1280110,0,3518237,1955015.5,1808079.5,0,1472278.6,0,0,0,1467532.4,1645250,1411714.9,0,1090865.3,0,2860201,0,2229524.3,0,1722754.3,0,4915491.5,0,3146126.8,2336746.8,1637109.9,2505292.8,1156055.8,0,2618024.3,0,0,0,3790250.5,0,2058462.6,0,0,1400588.4,0,0,1381940.3,0,4846225.5,3367070.8,0,2952360.5,0,2012340.4,1668798,0,0,0,4907742.5,0,0,0,4299543.5,2994474.8,2883892.5,1879371.8,1261653.6,1313393.3,0,0,0,0,0,3935343.8,3155647.8,0,2315545.5,1214845.4,0,0,0,2915685.5,0,0,3783675.5,2454023.8,0,2359978.8,0,0,0,0,0,1687083.8,9108015,0,0,3318163.8,0,1994379.9,0,0,0,0,0,7107491,4299453.5,2176973.3,1616859.6,1786861.4,0,0,1568527.6,0,0,0,0,0,6511971,6659190.5,0,3951749,3327894.8,2429861.3,2235060.8,1369539,0,0,10292454,6194663,0,0,5702873,3609318.8,0,2749905.5,0,2443743.3,0,2366657.5,0,2594217,0,0,0,5068311,3807076.8,0,4837583.5,2254044.5,3533709,1972633.5,0,2804290,0,0,2692335,0,0,0,5576892,4165811.8,4073269.8,2987841.5,0,2688956.3,0,0,2636859.3,0,0,9462051,3053613.8,3235959.8,2270850.3,0,0,2801349.8,1505744.3,1514253,0,0,0,0,3726764.3,2975706.3,2257400,2513410,0,2559002,0,1888822,0,0,0,5168216.5,3547732.5,2848350,0,2585172.5,2133597.8,2273861.5,2103886.8,0,0,1593667.1,0,0,0,0,5878811,3579845.8,0,2662293.3,2604445.5,2293607.3,0,2139955.5,0,0,2753785.8,0,2514460.3,2978755,2332106.8,3960459,2087275.5,0,0,0,0,0,0,2651470,2381002.3,1680081.1,3217271,2979392.5,1689671.4,0,2346935.5,0,0,0,0,0,3109372,2614943.8,2465770,1576432.1,0,0,0,1631351.4,0,0,2221075.5,1639230.5,2343880.8,0,2046558.5,0,2245497.3,0,1736062.3,0,0,0,0,1673368.5,0,0,0,0,0,0,4032809.5,2230208.3,1823937.3,0,1579202.4,0,2987060.8,0,1704505.4,2373306.3,0,0,1976242.4,0,0,0,0,0,0,0,2614405,0,1897420.8,1789505,0,0,0,0,0,0,0,4845661.5,0,3961137.5,4605237.5,0,2485666.3,0,0,2259054,1956209.6,0,0,0,2054455.1,0,0,1522344,1817597.8,1600102.3,0,0,0,0,0,3206393.8,0,0,0,0,0,0,0,0,3821720.8,0,1815238.6,0,0,0,0,0,0,0,0,0,0,0,0,0,0,0,0,2199866.3,3244591.5,1717300.1,0,0,0,0,0,0,0,0,0,0,1631815.3,0,0,2684559,0,2693695.5,0,0,0,0,0,4933652.5,0,0,0,0,0,1502312.4,0,0,0,2465040,0,0,2317786.8,0,0,1972048.8,0,0,0,0,2381455,0,0,0,0,0
Kelly_78,T_0.5,0,1073556.1,2221330.5,1115702.9,0,0,0,1245280.1,0,1907080.8,0,1398876.8,0,1736593.5,0,0,1648597.1,0,0,0,3492503.8,1470501.3,1505324.8,0,1426003.4,0,0,0,1478613.3,1821658.8,0,0,0,0,2372743.5,0,2559930.5,0,1395184.3,0,3981488.8,0,2739939.5,1822984.8,1817362.9,2815539.5,1396541.5,0,2236248.5,0,0,0,2674573.5,0,1542031.8,0,0,0,0,0,0,0,3754787.5,1501185.5,0,2045706.3,0,1540582.6,1415663.3,0,0,0,0,0,0,0,3549774.5,1925165.4,3142198.3,1703191.6,1578528.5,0,0,0,0,0,0,2778066,2554845.8,0,2196209,0,0,0,0,2841270.5,0,0,2162422,1837312.9,0,2174282.8,0,1788327.3,1643177.8,0,1306381.5,0,1930771,0,0,2885115.8,0,1595541.1,0,0,0,0,0,6217208.5,3117253.5,2223501.8,0,1747307,0,0,0,0,0,0,0,0,5936662,5508362,0,3186968,1986322.8,2194976.8,0,0,1883704.4,0,1437012.9,6648488.5,0,0,4945357.5,2167260.5,0,1608454.9,0,1964821.9,0,2216005.5,0,3061129,0,0,0,3334477.5,3979993.5,0,3828362.3,2110617.5,0,1585125,0,2081055.6,0,0,2640998.5,0,0,0,6177560,3164680.3,2582826.8,1931577.5,0,2005075.9,1444706.4,0,0,0,0,0,2184764.3,1794816.4,1554957.3,0,0,0,0,0,0,0,1768713.9,0,3774448,2832971.3,2396292.5,2011278.9,0,1605040,0,0,0,1635768,0,3159620,2804190.3,1820645.5,0,2214245.3,1747308,0,1592018.8,0,0,0,0,0,0,0,0,1915559.1,0,2566043.5,2059679.8,0,1506954.6,0,0,0,3830842,0,2240644,2233660,1482815.4,3701651.3,0,0,0,0,0,0,0,2494889.5,2209397.3,0,3141845.8,2465098.3,2077518.1,1874002.1,1950766.1,0,0,0,0,0,0,1629051.4,2713791,0,2176865.3,0,0,0,0,0,1690203.8,0,0,0,1842647.5,0,2048930.9,0,1667499.4,0,0,0,0,1617800.8,0,0,0,0,0,0,2069538.1,0,0,0,0,0,2848761.8,0,0,1966338.3,0,0,0,0,0,0,0,0,0,0,0,1710695.9,0,0,0,0,0,0,0,0,0,5581386.5,0,3642328,5948383,0,0,0,0,0,0,0,0,0,0,0,0,0,0,0,0,0,0,0,0,3276398.8,0,0,0,0,0,0,0,0,3025866.3,0,0,1604010.3,0,0,0,0,0,0,0,0,0,0,0,0,0,0,0,1810902,2756142.5,2354224.3,0,0,0,0,1528183.9,0,0,0,0,0,1922389.4,1557456.8,3164375.8,1780828.5,0,2408852.5,2314030.3,0,1591094.1,2220361.3,1547313.9,5860661.5,1612680.9,1782099.1,0,0,0,1470731.8,1950988.9,0,0,2042783.6,0,0,0,0,0,0,0,0,0,2800193.8,2456613.8,0,0,0,0,0
Kelly_79,T_0.5,957302.6,2635447,0,1713266.8,2059771.5,1232113.4,0,1523379.1,0,3288447,0,2806612.8,1327642.6,1348090.6,0,0,2810896.5,0,1772040,0,4978846.5,2518822.8,2422830.3,1417160.6,2812368.3,0,1090564.5,0,3044567.8,2047973,2048766.6,1830435.4,0,2150894,3366395,0,3979339.3,0,3405473.8,1601021.5,6178828.5,1175613,5862005.5,2909908.8,2646752,3688255.5,1448266.6,0,4224426,0,1278725.1,1637394.8,3759397.3,0,2521478.8,0,1403865.5,2200551,0,1216824.6,1203526,1272484.4,5000097,3144692,0,3243007,1238341.1,2159442.5,2479709.5,2133169.8,1217212.6,1645828.5,3392786,0,1160422,0,5617706.5,3227270.5,4166801.5,2637552,2384123.3,1883228.3,0,1437117.6,0,0,0,4872077.5,2909711,0,3376789.3,1394464.4,0,0,0,4837730.5,0,0,2870269.3,3729929.5,2251943,3587753.8,0,4153689.3,1655644,0,0,5122065,5695507.5,1988813.5,1359345.3,3723009,1500607.5,2464207.5,1930641.5,2338977.5,1739623.1,0,2233152,7803880.5,4399818,2330528,2941357.3,2091909.4,0,0,1978988.5,0,0,0,1688661.1,0,8740884,8418034,0,5275392,2897374.3,2971115.8,3051722.3,0,2080182.4,0,5376674,6890301.5,0,0,5629464,3988005.3,0,2515710,0,2814731.5,0,2867682.3,0,4599492.5,1788625.8,0,2672548.3,4850503.5,3863709.3,0,4955666,3828255.3,3182310.8,2382580,0,3887032.5,0,0,5387910.5,0,0,2071377.1,4559499,5271238.5,4052344.8,2494341.3,0,2574899.3,2025023.6,0,2641129,0,1956506.3,3565638.8,3471885.5,2299544.8,2528932.8,0,0,1488170.1,0,2369461.8,0,0,3043899,0,4402976.5,3915154.3,2781682,2364925,0,2691670,1554017,2572978.5,0,2392839.8,0,4863882.5,3651006.5,3473864.8,0,3429364.8,1961982.9,2334745.3,2588195.3,0,2316864,1873481.9,0,0,0,0,2258048,3542143.3,0,2694262.8,2208384,2785391.8,2228344.8,2624097.5,0,0,5566539.5,0,3338703.8,2471316,2571164.3,3628137.5,2384729.3,2202465.5,0,0,1763095.4,0,0,3240891.5,3340110.3,1826645.6,2974725,2941658.3,2702049.5,2053352.8,1987174.8,0,0,2173932,0,1940330.4,1853160.5,2236849.5,2846990.3,1760020.6,1865138.5,2185834.5,2008688.8,1835967.9,0,0,2030477.3,1742022.8,2707287.5,0,2189811.8,1600249.1,1689881.6,0,2709791,0,0,0,0,0,0,0,1554015.4,0,1690223.8,0,2415842.8,2110842.8,1528956.4,1902209.1,1998203.3,0,0,1740780.6,0,2485870,1895026.4,0,2008413.5,0,0,0,0,0,0,0,0,1756871.1,2028326,0,0,1608591.3,0,0,0,1710339.6,0,3707730,0,2740731,4820990,0,0,1910295.4,1781785.9,0,0,0,0,1635999.5,0,0,0,2322716.3,0,0,0,2651536.5,0,0,0,0,0,0,0,0,0,0,0,0,1864746.1,0,0,0,0,0,0,0,0,1499539.4,0,0,0,0,0,0,0,0,0,0,2228390,2048679.6,0,0,0,0,1890044.4,0,0,0,0,0,1501765.9,0,1569544.9,1658315.8,0,1505132.5,1461822.3,0,1462637.1,0,1652869.4,3582515,0,0,0,0,0,0,1754141.3,0,0,0,0,0,0,0,0,0,0,0,0,2180944,0,0,0,0,0,0
