Mass,Pickup_t,Mass_197.118319382353,Mass_199.133958777778,Mass_215.165292090909,Mass_243.196508884615,Mass_253.144533309524,Mass_255.23292782906,Mass_257.175833178571,Mass_267.160174725,Mass_279.16017326087,Mass_281.175899,Mass_281.248611714286,Mass_283.191515236842,Mass_283.264295988764,Mass_285.1261731,Mass_285.207142884211,Mass_287.222786235772,Mass_293.175872931034,Mass_293.212245863636,Mass_295.227874185185,Mass_297.153007758065,Mass_297.243538842105,Mass_307.191524625,Mass_309.170789181818,Mass_309.207143388889,Mass_309.279836,Mass_311.168630556291,Mass_311.186405398374,Mass_311.222772076336,Mass_313.202066375,Mass_313.238419428572,Mass_315.217709648649,Mass_315.254074025974,Mass_321.207119304348,Mass_323.186359425676,Mass_325.184315150327,Mass_325.202071454545,Mass_327.217683461539,Mass_329.233314821656,Mass_331.249009165354,Mass_333.207155595506,Mass_335.222800655173,Mass_337.202014042105,Mass_339.199967053691,Mass_339.217653695652,Mass_341.233312521739,Mass_349.202023092308,Mass_351.217688301887,Mass_353.233358876543,Mass_355.249029571428,Mass_357.264618137931,Mass_365.196918431373,Mass_365.233345692308,Mass_367.212633132353,Mass_367.3581262,Mass_369.228243033058,Mass_371.243899758242,Mass_373.25957247619,Mass_379.212610938053,Mass_381.228236662791,Mass_383.24389725,Mass_383.353033142857,Mass_393.228275927083,Mass_395.243910875,Mass_397.332306727273,Mass_407.243898543478,Mass_419.243898388889,Mass_433.2595394,Mass_435.238789458015,Mass_437.25444703,Mass_439.270129415094,Mass_447.275182363636,Mass_449.254464051724,Mass_451.270107205479,Mass_455.353062652174,Mass_461.290822694444,Mass_463.270128340659,Mass_465.2857854,Mass_473.282644207921,Mass_473.290892093333,Mass_475.306454833333,Mass_477.285821546512,Mass_479.3013794,Mass_487.306502690909,Mass_489.285825146342,Mass_489.322201957447,Mass_491.301420045455,Mass_493.280730666667,Mass_495.296341385416,Mass_497.31202640678,Mass_501.322161382353,Mass_503.301404798077,Mass_503.337786111111,Mass_505.280661655405,Mass_505.317033232558,Mass_507.296277285714,Mass_507.332705722222,Mass_509.31196025974,Mass_511.327650307692,Mass_517.317099614754,Mass_519.296383536764,Mass_519.332745325842,Mass_519.390228826087,Mass_521.311984201835,Mass_521.348335206896,Mass_523.327589731343,Mass_533.311964568346,Mass_535.327705281554,Mass_537.343265346939,Mass_543.299696666667,Mass_547.327718830508,Mass_547.421523833333,Mass_549.306883547445,Mass_551.322621288136,Mass_553.338146396825,Mass_563.322493,Mass_563.4164035,Mass_565.33820259375,Mass_575.322491602564,Mass_577.338290257576,Mass_589.338251558139,Mass_603.353922,Mass_617.369498931035,Mass_618.477408125,Mass_619.348724967742,Mass_621.364429461538,Mass_633.364310076923,Mass_635.41647284,Mass_657.253483333333,Mass_675.375095,Mass_727.339876666667,Mass_793.514072884615,Mass_815.498437285714,Mass_817.514103363636,Mass_867.747471214286,Mass_867.748089,Mass_966.783979125,Mass_970.765267875,Mass_1003.831054,Mass_1015.65494675,Mass_1029.75851533333,Mass_1031.630989
Kelly_104,T_1,0,0,0,0,0,0,0,0,0,0,0,0,0,0,1045715,1539895.9,0,0,0,2028815.1,0,1106335.8,0,1093442.9,0,6089849.5,1298812.4,1616002.5,0,0,0,1031377.4,0,1598952.4,6220738,2866886.3,8096181.5,7651252,1354945.4,0,0,0,5912136.5,0,0,1462423.4,0,0,0,0,1903465.5,0,2238341,0,2165395.8,0,0,0,0,0,0,1280197.9,0,0,0,0,0,0,0,0,0,0,0,0,0,0,0,1712299.4,0,0,0,0,0,0,0,0,0,0,0,0,0,0,1619379.1,0,0,0,0,0,0,0,0,0,0,0,0,0,0,0,0,0,0,0,0,0,0,0,0,0,0,0,0,0,0,0,0,0,0,0,0,0,0,0,0,0,0,0,0,0,0,0,0
Kelly_105,T_1,0,0,0,0,0,0,0,0,0,0,0,0,0,0,1369255.8,3886625.8,1330974.4,0,0,1548744,0,0,1103494.9,0,0,7384891.5,1552702.4,0,1108878.4,0,0,0,0,1991499.1,6558222,2649618.3,5800937,6800846.5,1379393.3,0,0,0,6411224.5,0,0,1488153.1,1213899.4,0,0,0,2311352.3,0,2219461.3,0,1493448,0,0,1118751.5,0,0,0,0,0,0,0,0,0,1553357.8,0,0,0,0,0,0,0,0,0,1789861.3,0,0,0,0,0,1441626.5,0,0,1396779.5,0,0,0,0,0,2166481.8,0,0,0,0,0,0,1931610.4,0,0,0,0,0,1491243.5,0,0,0,0,0,1780751.3,0,0,0,0,0,0,0,0,0,0,0,0,0,0,0,0,0,0,0,0,0,0,0,0,1830078.1,0,0,0,0
Kelly_106,T_1,0,0,0,0,0,0,0,0,0,0,0,0,0,0,0,2130550.3,1515559.5,0,0,3010188.3,0,0,0,1226396.1,0,8719499,1262861.3,2052497.9,0,1671068.5,0,1022651.3,0,2012118.6,8252745,2961484.3,7911121,9295972,1511300.8,0,0,0,7238884,0,0,1256531.1,0,0,0,0,2039376.1,0,2230871,0,1868635.8,0,0,0,0,0,0,0,0,0,0,0,0,0,0,0,0,0,0,0,0,0,0,2031633.5,0,0,0,0,0,1844952.3,0,0,0,0,0,0,0,0,2301050.5,0,0,0,0,0,0,0,0,0,0,0,0,0,0,0,0,0,0,1709536.4,0,0,0,0,0,0,0,0,0,0,0,0,0,0,0,0,0,0,0,0,0,0,0,0,0,0,0,0,0
Kelly_107,T_1,0,0,0,0,0,0,0,0,0,0,0,0,0,1108980.3,0,1804091.9,0,0,0,3145435.5,0,0,0,1163820.1,0,10400569,5839676,1535681.1,1223007.4,1662564.8,0,1199638.6,1392107.8,2002634.1,11699255,3618362.5,16860598,15093564,1066188.1,0,0,0,8505167,1123923.3,0,1534499.9,1385980.4,0,0,0,2818857.3,0,3220759.3,0,2136325.8,0,0,0,1106314,0,0,1204152.6,0,0,0,0,0,1466713.8,0,0,0,1250486.3,0,0,0,0,0,1769524.4,0,0,0,0,0,1489756.8,0,0,1692048,0,0,0,0,1823076,2102226,0,1497427,0,0,0,0,1883868.3,2185959.3,0,0,1491784,0,1809151.6,1930045.8,1948022.8,0,0,0,2228283.5,1696335.5,0,0,0,0,0,0,0,0,0,0,0,0,0,0,0,0,0,0,0,0,0,0,0,0,0,0,0,0
Kelly_108,T_1,0,0,0,0,0,1716356.4,0,0,0,0,0,0,0,0,2110484.5,5031168,1369035.8,0,0,1721936.4,0,0,1070348.9,1489681.9,0,6857513.5,2074668.4,1570609.8,0,1529961.8,0,1488696.6,0,2745767.8,7740756,3508055.8,8860440,12735720,1316805.4,1061794.1,0,0,6897303.5,0,0,2140199.5,1734230.9,0,0,0,3735166.8,0,3560097.5,0,2089917.6,0,0,0,0,0,0,1142830.8,0,0,0,0,0,1472255.5,0,0,0,4909708,0,0,0,1467550.4,0,2008019.4,0,0,0,0,0,1887465,0,0,0,0,0,0,1594591,0,3564451,0,1742703.6,0,0,0,1564944,2588336.5,0,0,0,0,0,1725069.4,0,0,0,0,0,1736453.1,0,0,0,0,0,0,0,0,0,0,0,0,0,0,0,0,0,0,0,0,0,0,0,0,0,0,0,1940405.6,0
Kelly_109,T_1,0,0,0,0,0,0,0,0,0,0,0,0,0,0,0,2397229.3,0,0,0,1591948.4,0,0,0,0,0,6057639.5,1196458.3,2149552,1005488.2,1522422.3,0,1328340.5,0,1967750.8,7548229,3715912.8,9878299,12930301,1386349.5,0,0,0,5336836.5,0,0,0,1058069,0,0,0,2022487.3,0,1489525.4,0,2003594.5,0,0,0,0,0,0,0,0,1197149.3,0,0,0,0,0,0,0,0,0,0,0,0,0,1937772.4,0,0,0,0,0,0,0,0,0,0,0,0,0,0,0,0,1312762.6,0,0,0,0,1387689.1,0,0,0,0,0,0,0,0,2691767.3,0,0,0,0,0,0,0,0,0,0,0,0,0,0,0,0,0,0,0,0,0,0,0,0,0,0,0,0,0,0,0,0
Kelly_140,T_2,0,0,0,953930.2,0,2200843.8,0,0,0,0,0,0,1209924.3,0,1979609.9,3895921.8,1308726.3,0,0,2822272.5,0,1146548.9,0,1375817.3,0,9132011,1681645.4,2104051,0,1579825.1,0,0,0,1994334.3,8937982,3544578,12483507,15451506,1312827.8,0,0,0,7336620,0,0,0,1185576.8,0,0,0,2025673.6,0,2886341.8,0,1812411.5,1211306.3,0,0,0,0,0,0,0,0,0,0,0,0,1202385.3,0,0,0,0,0,0,0,0,2035385.4,0,0,0,0,0,1371581.5,0,0,0,0,0,0,0,0,2726610.5,0,1960207.5,0,0,0,0,1762766.8,0,0,1435615,0,0,0,0,0,0,1900475,0,0,0,0,0,0,0,0,0,0,0,0,0,0,0,0,0,0,0,0,0,0,0,0,0,0,0,0,0,0,0
Kelly_141,T_2,0,0,0,0,0,1561584.6,0,0,0,0,0,0,0,1271249.4,1580245.6,3200443.3,1562856.6,0,0,4485580,0,0,1165783.3,0,0,13049035,0,0,0,0,0,0,0,0,13637012,1808279.6,4269855.5,4750006.5,1127259.8,0,0,0,10253651,0,0,1676785.8,0,0,0,0,2302831.8,0,2322572.3,0,1785256.3,0,0,1162375.8,0,0,0,0,0,1361999.8,0,0,0,0,0,0,0,0,0,1979262,0,0,0,1634989.3,0,0,0,0,0,1450637.9,0,0,1534138.3,0,0,0,0,0,1840652.9,0,0,0,0,0,1355515.3,1982306.9,0,0,0,0,0,0,0,0,0,0,0,0,1759418.5,0,0,0,0,0,0,0,0,0,0,0,0,0,1626660.3,0,0,0,0,0,0,0,0,0,0,2210999.3,0,0,0
Kelly_142,T_2,0,0,0,0,0,1690912.9,0,0,0,0,0,0,0,998972,0,2438720.3,2119629,0,0,3494145.8,0,0,0,1100779.3,0,9998753,1292324,1339818,0,1476737.4,0,0,0,1918689.4,9199791,2502067,8467093,11222150,1213317.9,0,0,0,8658651,0,0,1296135.5,0,0,0,0,2214445,0,1674852.4,0,1408275.9,0,0,0,0,0,0,0,0,0,0,0,0,1320499.6,0,0,0,0,0,0,0,0,0,2292401,0,0,0,0,0,0,0,0,0,0,0,0,0,0,1636359.3,0,0,0,0,0,0,1666543.3,0,0,0,0,0,0,0,0,0,0,0,0,1726593.3,0,0,0,0,0,0,0,0,0,0,0,0,0,0,0,0,0,0,0,0,0,0,0,0,0,0,0,0
Kelly_143,T_2,0,0,0,0,0,2958269.3,0,0,0,0,0,0,1364914.6,0,0,1278263.4,1105351.1,0,0,2906741,0,0,0,1442070,0,8991417,0,1440961.1,0,1028483.2,0,0,0,1917802.8,7034143,2713378.8,10383084,15033540,0,1462675.4,0,0,6536881,0,0,2475179.3,1303799.5,0,0,0,3044937,0,1918118.8,0,1725442.8,0,0,0,0,0,0,0,0,0,0,0,0,1547567.8,0,0,0,1291813.5,0,0,0,0,0,1656257.3,0,0,0,0,0,1682199.4,0,0,0,0,0,0,0,0,2540989.8,0,1637517.4,0,0,0,0,2065776,0,0,0,0,0,1782526.5,0,0,2506855.5,0,0,0,0,0,0,0,0,0,0,0,0,0,0,0,0,0,0,0,0,0,0,0,0,0,0,0,0,0,0,0,0
Kelly_144,T_2,0,0,0,0,0,3082037,1322441.5,0,0,0,0,0,1403200.5,0,0,2729622,0,0,0,1949422,0,0,0,1500355.6,0,6459616,1022306.6,1722344.1,0,1024036.9,0,0,0,2016638.5,6652720.5,2716724.5,8524027,11334353,1249717.8,0,0,0,5709986.5,0,0,1552724.8,0,0,0,0,1935581.3,0,1959941.4,0,2286630.8,0,0,1220680.1,0,0,0,0,0,0,0,0,0,0,0,0,0,0,0,0,0,0,0,1622793.4,1453964.3,0,0,0,0,1477062.6,0,0,0,0,0,0,0,0,1705327.5,0,0,0,0,0,1628232.1,1935060.1,0,0,0,0,0,1775929.9,0,0,0,0,0,2023249.8,0,0,0,0,0,0,0,0,0,0,0,0,0,0,0,0,0,0,0,0,0,0,0,0,0,0,0,0,0
Kelly_145,T_2,0,0,0,0,0,1862827.1,0,0,0,0,0,0,1285462.9,1051471,0,2130516,0,0,0,2711296,0,0,0,1350158.4,0,7899694.5,1514417,1343542.5,0,1417717.6,0,0,0,1418189.3,7305341.5,2430081.8,10374727,13710363,0,1390049.1,0,0,6157806.5,0,0,2306501.3,1291528.9,0,0,0,3158283.5,0,1797211,0,1229095.9,0,0,1126876.8,0,0,0,0,0,5066421.5,0,0,0,0,0,0,0,0,0,0,0,0,0,2117556,0,0,0,0,0,1419661.1,0,0,0,0,0,0,0,0,1610746.1,0,0,0,0,0,0,1765028.6,0,0,0,0,0,0,0,0,3194215.3,0,0,1520807.5,0,0,0,0,0,0,0,0,0,0,0,0,0,0,0,0,0,0,0,0,0,0,0,0,0,1692705,0,0,0
Kelly_31,T_0,905896.3,977879.8,0,0,0,2650053,0,0,0,0,0,0,1339259.9,0,1474909.1,2687935.8,1277551.5,1136945.5,0,994271.1,1010661.1,3295578,1124685.1,3513937.8,0,4768602.5,4300125,3424610.3,1682052.3,2892425.8,0,0,0,6706545.5,6657803.5,9374479,26333372,30679674,1687877.5,3735056.5,1121397,1777371.8,4743633,0,0,6693394,5286963.5,5115480,2037630.4,1189669.9,8398614,0,9300276,1632859,12057421,4150111,0,2527065.3,1592401.5,0,1233248.6,1690049.6,1236900.3,0,0,0,0,1931416.3,1580196.1,0,0,1900342.3,1641826.3,0,0,1511840.1,0,0,1406985.6,0,1865897.4,1288962.3,0,3669696.8,0,2055461,2966911.5,0,0,0,2776953,0,4921815,1530338.1,2552383.3,0,1542566,0,2123801.3,4193895.8,1707890.6,2446467.8,2448573,0,0,2740273.3,1776733.1,0,0,0,2146478.8,3357306.5,2138715.5,0,1953933.4,1420448,0,0,0,0,1498991.9,0,0,1720126.6,0,0,0,0,0,0,2342464.3,0,2024407.5,0,1582328.3,1554531.3,0,0,0,2374581,1607952.3
Kelly_32,T_0,0,0,0,0,0,1629669.4,0,1030245.3,0,0,0,1232259.9,1432585.3,0,1518741.3,5053988,1483473.9,0,1007090.3,0,0,2806343.3,0,2853984.8,0,3494280.5,4182411.3,3080593,1463313,3465431.3,0,1678897.8,0,5553207.5,4666338.5,7591910.5,20131234,23828332,2350144.5,5532433,1150200.3,1424862.1,3849935.3,1541843.6,0,7386817.5,5331142.5,3757769.5,1954250.3,0,8858205,0,7740470,0,8514052,2614726,0,2101841.3,1335011,1118061.9,0,2057672.8,1452604.4,0,1453296.8,0,0,2141451,1542184.9,0,1272188.6,2052829.1,1243219.4,0,0,1486766.9,0,1964572.9,1413919.6,0,1838478,0,1343787.3,3698645.5,1858274.1,2507912.8,3119403.3,1545172.9,0,1767846.4,2979883.5,0,4932778.5,2110134,3076910.5,1296954.1,2029484.4,0,2567506.3,4677029.5,1804208.3,0,3242493,0,1727054.1,2689897,1793939.8,0,0,0,0,2830823.3,1924574.3,0,1451784.8,0,0,1445700.9,0,0,0,0,0,2094030.1,1494717,0,0,1940597.5,0,0,1563465.3,0,0,0,0,0,0,0,0,0,0
Kelly_33,T_0,0,0,0,0,0,2722093.8,0,0,0,0,0,0,1716941.6,0,0,2638338,2044435.9,0,0,0,0,2764565.3,1470709.3,2557945.8,0,3796718.3,4968688.5,3948277.3,1116034.3,2152455.5,0,1013294.7,0,5827188,6257650,8735734,22384006,24244006,1395537.6,3656829.3,0,1844997.6,3950552,1348572.3,0,5143388,5348692,4493646.5,1681225.9,1297093.4,7158016,0,7616237.5,0,11138260,3145908.8,0,1352674.8,1646758.9,0,0,2478057.8,1403549.3,0,0,0,0,1577973.4,1435156.1,0,0,1554266.9,0,0,0,1572564.9,0,1856988.9,0,0,1836458.1,0,0,2378960.3,0,1604641.8,2173283,0,0,0,2130024.3,0,2876033,1350794.8,1894556.8,0,1352625.8,0,1736885.1,2944672.5,0,0,2399374.8,0,0,2797456.3,1750357.1,0,0,0,0,2536708.5,1704607.4,0,0,0,0,0,0,0,0,0,0,0,0,0,0,0,0,0,1927390,0,1747050.3,2335596.5,0,0,0,0,0,1660737.4,0
Kelly_34,T_0,0,928093.4,0,0,0,4344407,0,1052497.8,0,0,1557895.9,0,1307897.4,0,1476576,3877702,1495153.8,0,1753569.1,1061713.4,1356630.9,4585068,1652034.1,4535622,1293134.5,3069486.8,4328497,5852725.5,1233972,4656953,0,2690895.8,0,9272647,6544047.5,11017907,34418732,38597044,2598474.3,5688543.5,1796492.5,1356348,3514873.3,0,0,7864103,7124243,6444803.5,2435831.8,1573870.6,8870582,0,11472047,1887699.5,15769254,4202650.5,1134348.5,1875261.1,2000678.5,0,2111016.8,2164081.5,1140309.5,0,0,1506606.6,1424186.8,2180167.8,1967714.8,0,1221912.3,1986112.3,1619573.5,0,0,0,0,0,2032671.6,0,2346151.3,0,0,3352635,1724229.6,2625151.5,2401464,1413369.1,1608504.4,1877929.9,2546135.8,0,4761603,1811468.9,3015733,0,1910628.3,0,1670894.3,4182785.3,0,2584346.3,2673945.8,0,1460269.6,3013424.3,1477925.8,0,0,0,2631270,3066385.5,1894355.8,1842062.6,0,1689793.3,0,0,1764338.3,0,0,0,1583672.9,1408466.8,0,0,0,0,0,2326939.8,2776819.8,0,2273197.3,2473166.8,0,1500436.1,0,0,0,0,0
Kelly_35,T_0,0,0,0,0,1009854.4,3226534,0,0,0,0,0,0,1459029.5,0,1763929.9,4803425.5,1137666.3,1404165,1252896,1224894.6,0,4018297.8,1580689.8,3846039,0,3222211.3,4001478.3,4591308,0,3759127,0,1747575.1,0,6915475,4948291.5,10693448,28918026,32629462,2112431,5184130.5,1294060.1,1250259.3,3458628.3,0,0,6983201.5,6919196.5,6008340.5,2301959.3,1941747.9,8242482,1086650,8618733,1158796.5,12886170,3358776.5,1221576.3,1528345.4,1509753.5,0,1155042.8,1752334.1,0,0,0,0,0,1471030.6,1154081.5,0,0,1903308.6,0,0,0,0,0,0,1809292.4,0,1629894.9,0,0,2809724,0,1897495.4,1891490.4,1820980.3,1416640.1,1263549.9,2310955.3,0,3799954.8,1562526.1,2804223.5,0,1282406.3,0,1486262,3480565.8,1384704.3,2235921,2135610.8,0,1311354.3,2146642.3,1460596,0,0,0,0,2633155.3,2009539,0,1815388.5,0,0,0,0,0,0,0,0,0,0,0,1693870.5,0,0,0,1790215.5,0,2313902,2076327.1,0,0,0,0,0,0,0
Kelly_36,T_0,979106.7,0,0,0,0,2387058.5,0,0,0,0,0,0,0,0,1690119.8,4215661.5,0,0,0,0,0,3549994.5,0,3167781.8,0,2622769.3,4390196,4339513,1193438,3523683.5,0,1866148.4,0,6406487,3657458.5,8991478,26660006,32210532,1751088.9,4199421,0,1617609.3,2746302.8,1132611.4,1038662.3,5248510,4645918,4769345,1933157.6,1408907,7498481,0,8494347,0,11534112,3799854,0,2342935.5,1912844.4,0,1515800.5,2099322.5,1145697.6,0,0,0,0,1634545.1,0,0,0,1789139.9,1229658.4,0,0,1428644.9,0,0,1542009.1,0,1727366.9,0,0,3886141,0,1875613.3,2780394,1708344,1484667.9,0,2250747.3,0,4176398.3,1694487.9,2750497.8,0,1625132.8,0,2232313.8,3435477.8,0,1981932,2194355.5,0,0,2503255.8,0,0,0,0,1663002.9,2640803.5,1971525.4,0,0,0,0,0,0,1713595.3,0,0,0,1942203.1,0,1436357.8,0,0,0,0,1631603.9,0,0,2237573.3,0,1749432,0,0,0,1570636.1,0
Kelly_37,T_0,0,940543.9,0,0,0,1379405.3,0,0,0,0,0,0,0,0,1463177.8,2926907.5,1629775.5,0,0,1317455.5,0,2907528.3,0,2991029.3,0,3459566,4514801,3063799,1276997.6,2132300,0,1256883.3,0,5321429,4749442,8161414,22550082,27510794,1645018.1,2565285.3,0,1341794,4006216.3,1224908.8,0,4529902,3468511.3,4089037.5,1668023.9,1392541.1,6218188.5,0,7682952.5,0,10710329,3561180.8,0,2467817.8,1799002.5,0,0,1628281.4,1327052.3,0,0,1133710.6,0,1969380.9,1329406.5,0,0,2226370.5,0,0,0,1871851.8,0,0,1409721.8,0,1538385.6,0,0,2845980,0,1936357.1,2146461,1532508.1,0,0,2656259,0,4400788,1663648.1,2556201.8,0,1418168,0,2203025.8,3662829.5,1463032.6,0,1806412.4,0,0,2562998.5,1369048.3,0,0,0,0,3202968.8,1858924.8,0,1802100.6,0,0,0,0,1444113.1,0,0,0,1663252.1,0,0,0,1794351.3,0,0,1960703,0,0,0,0,1638017.3,0,0,0,0,0
Kelly_38,T_0,0,0,0,0,0,2366118,0,0,0,0,0,0,1414775.3,0,1006706.9,2040176,0,1173480.8,0,1307133.4,0,2396599.8,0,2226101,0,3504064.3,4056514.8,3142087.8,0,2822383.5,0,1495338.6,0,5457323.5,4666676,8032055.5,22982864,27009652,1503524.4,2992081,0,1308756.1,3241248,0,0,4069465.8,4305466,3790361.5,2070262.9,0,6087398.5,0,7386272.5,0,10663505,3391479.3,0,1946400.5,1290397.5,0,1162537.5,2206767.3,1110172.6,0,1151201.6,0,0,1446768.1,0,0,0,1433655.1,0,0,0,1350128.1,0,2237509,0,0,1524452.4,0,0,2384349.3,0,1545821,2607297,2144030.3,0,0,1940930,0,4050873.3,2006978.5,2512298.3,0,1393036.3,0,1548426.6,3926060,1388339.5,2436671.5,2492364.5,0,1337702.1,2473229,1581713.8,0,0,0,2012634.6,2522973.3,1549058.1,0,1700262.6,0,0,0,0,0,0,0,0,0,0,0,0,0,0,0,2895390.8,2771178.3,2579283,0,3227266.8,3543211,0,0,0,2321294.3,1691612
Kelly_39,T_0,0,889158.6,915512.7,0,1247297.8,2068392.8,987908.7,0,0,0,0,0,1518748.9,0,2509580,9846141,2245593.5,0,0,0,0,2904242.3,1406901.6,2936250.5,0,3239635.3,4482518,3139547.3,0,2736147,1036634.6,1591136.8,0,6368831,3855843.3,8160231,23343518,29352802,1996593.8,7661311,1527267.8,1792456,3656376,0,0,7611054,6900917,5373626.5,1743550.3,0,9228898,0,9820223,0,11401744,3727318,1770640.1,1785202.1,1607434,0,0,2421043.3,1181881.6,0,1193500.1,1470641.1,0,2555458,0,1321855.6,0,2308007,1532075.5,0,0,2171722.5,1559162.4,2578200,1907995.4,0,1766225,0,1928262,3228948.5,1351201.6,2420704.3,2549390,2108213.5,1730760.6,1534890.1,3329782,0,4906288,2694458,3620706.3,0,2142595.8,0,2446687.8,5161775.5,1422135.9,0,3205371.3,0,1408187.5,3342040.8,2050660.6,0,0,0,0,3380901.5,2344983.8,1531530.6,1868503.5,0,0,1391111.4,1522843.8,1488422.4,0,0,0,1589025.1,0,0,1702478.8,0,0,0,1804784.6,0,1656549.9,2653809,0,1889929.5,0,0,0,1557924,0
Kelly_40,T_0,0,0,0,0,0,2810116.3,0,0,1042898.9,0,0,0,1769200.6,0,0,2175468,1494116.1,0,0,1131514.1,0,3201575.8,0,3098144.5,0,3024679,3824169.5,3158062.5,1019467.1,2456912.5,0,0,0,5509614,4521839.5,7819123,25030918,27837092,1447502.8,1602038.6,1148212.3,1838961.8,3773754.8,0,0,4409973.5,4192346,4822591,2348835,0,7011152,0,8348956.5,0,12519138,4212894.5,0,1891636.4,1604815.4,0,0,1821456.5,1665175.4,0,0,0,0,2154751,1324294.6,0,0,0,1229366.6,0,0,0,0,0,0,0,0,0,0,2940972.3,0,1879965.3,2220287,0,0,0,2024135.9,0,3982091.8,1440278.4,2191188.8,0,0,0,1302357.5,3102319,0,2308744.3,2108043.8,0,0,1894026.4,1711732,0,0,0,1485122.5,2165974.3,1926269.1,0,0,0,0,0,0,0,0,0,0,0,0,0,0,0,0,1613807.6,1672401.6,1660734.9,2443373.3,2088395.4,0,0,0,0,0,0,0
Kelly_41,T_0,1255113.6,940204.6,0,0,0,1876359.4,0,1151193.4,0,0,0,0,0,0,1933885.9,5640924.5,1307206.5,1021705.7,994112,0,0,2934041,0,1924700,0,3366318.3,4541873.5,2799031.8,0,2944811.3,0,1128500.6,0,5878138.5,4976471,7860059.5,23131466,28763972,1944903.4,5413701.5,1367385.8,1876714.5,3972996.5,0,0,6896668,7064119.5,4166734,1613917,0,7584748,1100404.6,8719795,0,10528616,3473163,1341595.9,1749729.6,1641274.1,0,1333146.1,1899158.6,1122500.9,0,0,0,0,2339748.5,0,0,0,2042839,1282494.3,0,0,1870572.5,1418002,0,1721243.8,0,1988814,0,1396935.6,2882200,0,2342757.3,2550804.3,1888700.6,0,0,2196090,0,4987570,1539772.3,2858722.3,0,1373441.5,1341968.3,1872598.5,3273893.5,1477549.8,1699003.1,2503793.3,0,0,2165348.3,0,0,0,0,1977147,2977963.8,1484344.3,1718983.8,1745616.8,0,1508483.3,2125874.3,0,0,0,0,0,1583432.3,0,1545465.1,0,1753057.5,0,0,1943038.6,0,0,3192495,0,0,1860718.4,0,0,0,0
Kelly_74,T_0.5,980445.3,1365215.8,0,1629522.4,2073391.1,1673392.5,0,1303187.8,1436763,1521396.5,2461434,1378054.3,0,0,3756050.8,8016029,2187073.3,0,1469407.4,2323582,0,3600823.5,1774287.4,4652244.5,0,7816705.5,5399044,6771210,2054480,7854934.5,1527729.8,12127416,0,7508713,8321187.5,13485223,39913076,47781968,5210169.5,7619616,0,2339872.3,7619118,1598770.9,1248333.3,6956245,9251590,2307640.8,1551211.4,0,10151459,0,9231425,0,6408791.5,3306085.5,0,3114044.5,1994024.9,0,0,2806605.8,1476133.8,0,1602608.1,1659578.4,1308815.9,4412114,2509098.5,0,1329785.5,3403782.8,1926570.1,0,1621330.1,3255070.3,1791231.8,1924024.8,2167740,1317825.9,2880448.5,1401299.5,0,4898402.5,0,2838421.8,4443327,3197435,1573691.1,1408444.3,4487413,1610756,7882798,2671677.3,4682614.5,1509765.4,2355389.3,1548546.1,3196322.5,6624966.5,2548437,0,4244978,0,2204438,5116942.5,2595055.5,2060225.9,0,1761475.8,0,5903648.5,3137907,2370991.5,4006747.5,0,2296068.8,2371076.3,2579767.8,0,1569863.1,1541793.4,2058803.5,2079401,0,0,0,0,1555746.5,0,0,0,0,0,0,0,0,0,1586485,0,0
Kelly_75,T_0.5,0,0,0,0,0,0,0,0,1149877.5,0,0,1143973.8,0,1364368.3,2081172.6,3419393,1443148,0,0,2243404.3,0,1549546.4,1912291.3,1596520,0,7625462,5019384.5,2601981.8,1475621.1,2489130.8,0,2184814,0,3233581,8845517,4781776.5,10900101,12760138,2244125.3,1628656.9,0,1506256.6,8047057.5,0,0,3225186.5,2513560.8,1718228,1470483.1,0,5348933.5,0,4980873.5,0,5066443.5,2255370,0,2120650.3,1224057.6,0,0,1701837,1142509.9,0,1285250.3,1171717.6,0,2181331.8,0,0,0,2005991.8,0,0,0,1729678.6,0,1293624.8,1469499.3,0,0,0,0,2890480.8,0,1628296.4,2305562.5,1571007.8,1369452.1,0,2552708,0,4832314.5,1842247.3,2611457.3,0,1518539.3,0,1740521.8,3624872.5,1679541.4,0,2079345.9,0,0,2384046.5,1603921.9,0,0,0,0,2511995.5,2155713.5,0,1592556.5,0,0,2248900.5,1543743,0,0,0,0,0,0,0,0,0,0,0,0,0,0,0,0,0,0,0,1815475.6,0,0
Kelly_76,T_0.5,1101776.3,1105494.3,925618.9,1392364.1,1513098.1,3323938.3,0,1372211.5,1162483.9,1311634.9,3039897.5,1485641.8,2352208.3,1104244,2798075,9325481,2348465.5,1247668.9,0,1869353.9,1229618.9,2259412,2698490.3,3104511.8,1060491,6754872,5417531,4082241.3,1748880.8,5164439,0,4360960.5,1479063.8,5879615,7489785.5,8319229.5,23882442,30080166,3244173,4957810.5,0,2382960.3,6150782,1348994.5,0,6299955.5,6083436.5,1812904.6,2028007.6,0,8924935,0,7417156,1145709,6439805.5,3166642.8,0,3696205.5,2126965.3,1295387.9,1711033.6,3176777.3,1874550.3,0,1716927,1975027.3,1526619.5,4737063.5,2481934.5,1432065.8,1294115.5,3937081.5,1685605.1,0,1639544,2576814.5,1464821.4,2374641.3,2420212.8,2094901.1,3171427,2432410.8,0,5746985,1592119,2980402.8,4739876,2167831.8,0,2317471,5616979.5,1766240.4,9574396,2959880.8,4943526,0,2174788,0,3960634.8,8630680,2895266.8,0,4200438,2097152.8,2137674.3,5945679,3280751,1929095.3,0,1568637.9,0,6377828.5,3825486,2069809.9,2866244.5,0,1862668.1,2723483.8,1659977.6,1598193.9,0,1473117.4,3781917,2293171,1942795.3,1798337,0,0,1807077.8,0,0,0,0,0,0,0,0,0,0,0,0
Kelly_77,T_0.5,0,0,0,0,0,1568773.8,0,0,0,0,0,0,0,0,2005691.9,3397196.8,1369231,0,0,1956457.4,0,0,0,1710160.5,0,9015965,2008480.1,1631654.5,1322639,2018325.8,0,1713053.3,0,2713461,9787998,3631202,11913312,14891630,1234314.6,1844644.9,0,1295889.8,8148311.5,0,0,2352932,3046290.3,0,0,0,3949660.3,0,3948727.8,0,3341067.5,1791062.5,0,2051610.5,1307970.4,0,0,1304779.6,0,0,0,0,0,1969689.1,1560265.1,0,0,1404852.8,0,0,0,1606112.5,1360382.5,0,0,0,1331880,0,0,1777424.4,0,1501462.6,1428488.3,0,0,0,1582709.6,0,3638838,0,0,0,0,0,1491783.3,2102992.5,0,0,2222942,0,0,1543415.8,0,0,0,0,0,1883634.4,0,0,0,0,0,0,0,0,0,0,0,0,0,0,0,0,0,0,0,0,0,0,0,0,0,0,2906557.5,0,0
Kelly_78,T_0.5,0,0,0,0,0,1242400.1,0,0,0,0,0,1236532.8,0,0,1843032.8,3276794.8,2835174,0,0,2717777,0,1629938.1,1628699,1368096.6,0,11172445,3237984,2040422,0,2071489,0,1798832.9,0,3239310,11068753,4255061.5,10502955,12554511,1701118.6,1420523.6,0,1732855.5,11834123,0,0,1966537,2110462.8,1247541.9,0,0,4648257.5,0,4120422.5,0,2999684.8,1459611.4,0,1716633.4,1189136.8,0,0,1448955.8,1165535.8,0,0,0,0,2229008,1457509,0,0,1984536.8,1344946.4,1509906.8,0,1340645,0,0,1631049.6,0,0,0,0,2442668.5,0,1664219,2365952.5,0,0,0,1484086,0,4930930.5,0,2534590.3,0,0,0,2006275.3,3182124.3,0,0,1871708.9,0,0,2567561.3,0,0,0,0,0,2568293,2266279.8,0,1949687.1,0,0,1472175.8,0,0,0,0,0,0,0,0,0,0,0,0,0,0,0,0,0,0,0,0,0,0,0
Kelly_79,T_0.5,900999.1,891980.7,0,0,1569472.6,1139791.4,0,1252501.4,1170260.8,1341058.9,2360713,1317929.1,1148975,0,2683082,3852392,1500228,0,1302003.8,1469090.3,0,2771741.5,1772094.4,3729219.8,0,5856376.5,3394171.5,6459009.5,2688718.5,7123413,1485367,7490365.5,0,6842760,7127881,10374989,31328546,41274120,5848315.5,3004654.3,0,1379852.5,5749036.5,0,0,3371610.5,4680881,1192973.1,1130861.6,0,6208335.5,0,5090745.5,0,4715042.5,2886281.5,0,2309622.5,1717589.6,0,0,1698925,0,0,0,1289385.3,0,3128859,1858759.9,0,0,2506016.3,1573102.9,0,1342998.1,2203882.3,1387213.8,1350740.6,1472343.8,1648450.4,2090272.5,0,0,3846274.5,0,2091883.5,3753541.8,2288683.8,1554959.9,1586634,2794649.8,0,6732647,2023284.4,3355198.8,0,2066707.5,0,2397231.3,5203685.5,1652466.1,0,2835363.8,0,0,3791258,2285622.5,0,0,0,0,4228525.5,2821656,1990011.5,2610145.5,0,0,1616023.4,1652383.1,1515544.9,0,0,0,1597790.4,0,0,0,0,0,0,0,0,0,0,0,0,0,0,0,0,0
